Item No.,Description,Unit,Rate,
No.,,,as on or just before 01.04.2021,
0002,Hire charges of Concrete Mixer 0.25 to 0.40 cum with Hopper,day,800.00,
0004,Production cost of concrete by batch mix plant,cum,400.00,
0009,"Pumping charges of concrete including Hire charges of pump, piping work & accessories etc.",cum,210.00,
0011,Hire charges of Pump set of capacity 4000 litres/hour,day,700.00,
0012,Vibrator (Needle type 40 mm),day,350.00,
0025,Hire and running charges of light crane,day,3500.00,
0026,Hire and running charges of bentonite pump,day,3000.00,
0029,Carriage of ready mixed concrete by rotatory transit mixer,km/cum,37.30,
0052,Front end loader 1 cum bucket capacity (incl POL),hour,1300.00,
0066,Batching and Mixing Plant @ 75 cum per hour,hour,2400.00,
0070,Generator 100 KVA/125 KVA,hour,300.00,
0082,Excavation of Diaphragm wall by Mechanical Grab,sqm,1500.00,
0101,Bhisti,day,714.00,
0102,Blacksmith 1st class,day,784.00,
0103,Blacksmith 2nd class,day,714.00,
0112,Carpenter 2nd class,day,714.00,
0114,Beldar,day,645.00,
0115,Coolie,day,645.00,
0116,Fitter (grade 1),day,784.00,
0123,Mason (brick layer) 1st class,day,784.00,
0124,Mason (brick layer) 2nd class,day,714.00,
0126,Mason (for ornamental stone work) 1st class,day,784.00,
0128,Mate,day,714.00,
0131,Painter,day,714.00,
0155*,Mason (average),day,749.00,
0236,Multi purpose fibre reinforced by organic fibres and/or inorganic synthetic fibres cement board 6 mm thick,sqm,210.00,
0242,6 mm thick mulitipurpose cement bonded wood particle board conforming to IS : 14276,sqm,195.00,
0278,Manufactured sand derived from Recycled Concrete Aggregate (RCA),cum,741.00,
0279,Recycled Concrete Aggregate (RCA) 20 mm nominal size,cum,957.00,
0281,Recycled Concrete Aggregate (RCA) 10 mm nominal size,cum,957.00,
0293,Stone Aggregate (Single size) : 40 mm nominal size,cum,1300.00,
No.,,,as on or,
,,,just before 01.04.2021,
0295,Stone Aggregate (Single size) : 20 mm nominal size,cum,1400.00,
0297,Stone Aggregate (Single size) : 10 mm nominal size,cum,1350.00,
0302,Safeda ballies 125 mm diameter,metre,40.00,
0309,Paving bitumen of grade VG-10 of approved quality,tonne,25614.00,
0313,Blown type petroleum bitumen of penetration 85/25 of approved quality,tonne,34790.00,
0314,Bitumen hot sealing compound : grade A,kg,29.00,
0316,Bitumen solution primer of approved quality,litre,47.00,
0339,"Flame retardant face insulating, Impregnated fibre board 12 mm thick",sqm,375.00,
0349,Curing compound,litre,38.00,
0367,Portland Cement (OPC-43 Grade),tonne,5000.00,
0370,Coal (steam),quintal,440.00,
0596,Bright finished or black enameled mild steel butt hinges 75x47x 1.70 mm,10 Nos,56.00,
0639,Bright finished or black enameled mild steel screws 25 mm,100 Nos,40.00,
0768,Cement Concrete Jali 50 mm thick,sqm,400.00,
0769,Cement Concrete Jali 40 mm thick,sqm,350.00,
0770,Cement Concrete Jali 25 mm thick,sqm,275.00,
0967,Copper plate,kg,527.00,
0982,Coarse sand (zone III),cum,1500.00,
0983,Fine sand (zone IV),cum,900.00,
0992,Galvanised steel plain sheets,quintal,5000.00,
1004,Average rate of Mild steel round bars for reinforcement,quintal,4850.00,
1005,Twisted steel/ deformed TMT bars Fe-500D,quintal,4900.00,
1015,Mild steel expanded metal 20x60 mm strands 3.25 mm wide 1.60 mm thick,sqm,280.00,
1021,Hard drawn steel wire fabric 75 x 25 mm mesh of weight not less than 7.75 kg/sqm,sqm,430.00,
1034,Bolts and nuts up to 300 mm in length,quintal,5200.00,
1197,Second class kail wood in scantling,10 cudm,260.00,
1198,Second class kail wood in planks,10 cudm,260.00,
1215,Welding by electric plant,cm,2.00,
1224,Hard drawn steel wire,quintal,4800.00,
1225,Mild steel flat strap fitting,quintal,4120.00,
1980,Fly ash,cum,11.00,
2200,Carriage of Steam coal,tonne,187.35,
2202,Carriage of Stone aggregate below 40 mm nominal size,cum,163.93,
No.,,,as on or just before 01.04.2021,
2203,Carriage of Coarse sand,cum,163.93,
2204,Carriage of Timber,cum,187.35,
2205,Carriage of Steel,tonne,145.72,
2206,Carriage of Stone aggregate 40 mm nominal size and above,cum,178.19,
2209,Carriage of Cement,tonne,145.72,
2211,Carriage of Tar / Bitumen,tonne,163.93,
2261,Carriage of Fine sand (1 part of badarpur sand: 2 parts jamuna sand),cum,163.93,
2262,Carriage of Flyash,cum,163.93,
2273,Carriage of A.C.sheet and accessories,tonne,145.72,
2302,Carriage of G.I. sheet and accessories,tonne,145.72,
2391,Strips-Aluminium fluted 3.15 mm thick and 150 mm wide,metre,286.00,
2392,Strips Aluminium fluted 3.15 mm thick and 200 mm wide,metre,381.00,
2393,1 mm thick Stainless Steel Cover plate grade 304,kg,286.00,
2394,Coupler 16 mm dia,each,31.00,
2395,Coupler 20 mm dia,each,41.00,
2396,Coupler 25 mm dia,each,72.00,
2397,Coupler 28 mm dia,each,83.00,
2398,Coupler 32 mm dia,each,114.00,
2399,Complete Roof Joint of 100 mm,metre,2912.00,
2400,Complete Roof Joint of 150 mm,metre,3328.00,
2401,Complete Roof Joint of 200 mm,metre,4160.00,
2402,Epoxy adhesive,kg,156.00,
2403,Floor Joint of 100 mm,metre,3193.00,
2404,Floor Joint of 150 mm,metre,4120.00,
2405,Floor Joint of 200 mm,metre,5562.00,
2409,Wall Joint of 100 mm,metre,2472.00,
2410,Wall Joint of 150 mm,metre,2884.00,
2411,Wall Joint of 200 mm,metre,3468.00,
2447,Hollock ballies 125 mm diameter,metre,36.00,
7183,Bentonite of 35 kg per pile,tonne,2800.00,
7318,Plasticizer / super plasticizer,kg,29.00,
7319,Wall form panel 1250x500 mm,each,860.00,
7320,Tie bolt 12 mm dia 100 mm length,each,38.00,
7321,Tie bolt 12 mm dia 150 mm length,each,48.00,
7322,Tie bolt 20 mm dia 150 mm length,each,57.00,
7323,Tie bolt 20 mm dia 225 mm length,each,67.00,
_SUB HE_,110 _D : 5.0 REINFORCED CEMENT CONCRETE_,,,
,,01-04-2021 dks ;k mlls Bhd igys,,
0002,gkWIIkj lfgr 0-25 ls 0-40 ?ku ehVj daØhV feDlj dk fdjk;k fnu,800-00,,
0004,cSp feDl IykaV }kjk daØhV dh mRiknu ykxr ?ku eh,400-00,,
0009,"daØhV ds iafiax dk fdjk;k ¼iai dk fdjk;k] ikbi dk;Z vkSj vU; lgk;d lk/kuksa ds fdjk, dks lfEefyr djds½ ?ku eh",210-00,,
0011,4000 yhVj@izfr ?kaVk {kerk okys iai lsV dk fdjk;k fnu,700-00,,
0012,okbZCkzsVj ¼40 feyhehVj lwbZ ds vkdkj dk½ fnu,350-00,,
0025,"gYdh Øsu dk HkkMk ,oa ifjpkyu ykxr fnu",3500-00,,
0026,"csVksukbZV iEi dk HkkMk ,ao ifjpkyu ykxr fnu",3000-00,,
0029,VªkfUtV feDlj ls daØhV dh <qykbZ fdeh@?ku,eh 37-30,,
0052,"ÝaV ,aM yksM+j 1 ?ku eh- cdsV {kerk ¼ih0 vks0 ,y½ lfgr ?kaVk",1300-00,,
0066,cSfpax vkSj fefDlax la;Rkz@75 ?ku eh izfr /kaVk ?kaVk,2400-00,,
0070,100 fdyksokV@125 fdyksokV dk tfuRkz ?kaVk,300-00,,
0082,"eSdsfudy xzsc }kjk Mk;Ýke oky ds fy, [kqnkbZ oxZ eh-",1500-00,,
0101,fHk”rh fnu,714-00,,
0102,Ykqgkj igyh Js.kh dk fnu,784-00,,
0103,Ykqgkj nwljh Js.kh dk fnu,714-00,,
0112,c<+bZ nwljh Js.kh dk fnu,714-00,,
0114,csynkj fnu,645-00,,
0115,dqyh fnu,645-00,,
0116,fQVj ¼xzsM 1½ fnu,784-00,,
0123,jkt ¼bZaV fcNkus okyk½ izFke Js.kh fnu,784-00,,
0124,jkt ¼bZaV fcNkus okyk½ f}rh; Js.kh fnu,714-00,,
0126,"izFke Jzs.kh dk jkt ¼ltkoVh iRFkj ds dke ds fy,½ fnu",784-00,,
0128,esV fnu,714-00,,
0131,jaxlkt fnu,714-00,,
0155,jkt ¼vkSlr½ fnu,749-00,,
0236,"ukWu ,WlcslVkWl dk 6 feeh eksVk cgqmn~s”kh; Qkbcj lhesaV dk cksMZ ¼izofyr mPp çHkko okyk ikWfy izksi ysu½ oxZ eh",210-00,,
0242,6 fe-eh- eksVk- eYVhijit lhesUV ck¡UMsZM ikVhZdy cksMZ Hkk-ek- 14276 ds vuq:i oxZ eh,195-00,,
0278,"iquuZohuh—r daØhV jksM+h ¼vkjlh,½ ls çkIr fofuÆer jsr ?ku eh-",741-00,,
0279,"iquuZohuh—r daØhV jksM+h ¼vkjlh,½ 20 feeh U;woure vkdkj ?ku eh-",957-00,,
0281,"iquuZohuh—r daØhV jksM+h ¼vkjlh,½ 10 feeh U;woure vkdkj ?ku eh-",957-00,,
0293,"iRFkj feykok ¼,dy uki okyk½ % 40 feeh ukeh; uki okyk ?ku eh",1300-00,,
,,,01-04-2021,
,,,dks ;k mlls Bhd igys,
0295,"iRFkj feykok ¼,dy uki okyk½ % 20 feeh ukeh; uki okyk",?ku eh,1400-00,
0297,"iRFkj feykok ¼,dy uki okyk½ % 10 feeh ukeh; uki okyk",?ku eh,1350-00,
0302,125 feeh O;kl okyh lQsnk dh cfy;kWa,ehVj,40-00,
0309,vuqeksfnr dksfV dk Q”kZ canh okyk oh th& 10 xzsM dk,Vu,25614-00,
0313,vuqeksfnr dksfV dk 85@25 izos”;rkokyk QWwadk gqvk isVªksfy;e fcVwesu,Vu,34790-00,
0314,"fcVwesu xeZ tylg ;kSfxd % ^,* dksfV",fd xzk,29-00,
0316,vuqeksfnr dksfV dk fcVwesu ?kksy vLrj,yhVj,47-00,
0339,Tokyk jks/kh lrg okyk folaokgd] lalfDr js”kk Qyd 12 feeh eksVk,oxZ eh,375-00,
0349,rjkbZ dk dEikm.M,yhVj,38-00,
0367,iksVZySUM lhesaV,Vu,5000-00,
0370,dks;yk ¼Hkki½,fDoaVy,440-00,
0596,"uje bLikr ds lVs dCts pednkj ;k dkys ,us ey;qDr 75x47x 1-70 feeh",10 ux,56-00,
0639,"pednkj ;k dkys ,Wukey;qDr 25 feeh uki ds gYds bLikrh; isp",100 ux,40-00,
0768,50 feeh uki dh lhesaV&daØhV tkyh,oxZ eh,400-00,
0769,40 feeh uki dh lhesaV&daØhV tkyh,oxZ eh,350-00,
0770,25 feeh uki dh lhesaV&daØhV tkyh,oxZ eh,275-00,
0967,rkacs dh pknj,fd0xkz0,527-00,
0982,eksVh jsr ¼{ks= 3½,?ku eh,1500-00,
0983,eghu jsr ¼{ks= 4½,?ku eh,900-00,
0992,tLrh bLikr dh lknh pknjsa,fDoaVy,5000-00,
1004,"izcyu ds fy, uje bLikr ds xksy lfj;ksa dh vkSlr nj",fDoaVy,4850-00,
1005,",saBk bLikr@fod”r NMsa+",fDoaVy,4900-00,
1015,uje bLikr dh 20x60 feeh Nsnksa okyh cjQh&tkyh,oxZ eh,280-00,
1021,dBksj df’kZr bLikr dh rkj&tkyh,oxZ eh,430-00,
1034,dkcys vkSj f<cfj;kWa 300 feeh rd yEcs,fDoaVy,5200-00,
1197,nwljh Js.kh dh dSy dh ydM+h ds dM+h&cRrs,10 ?ku Mslh,eh 260-00,
1198,nwljh Js.kh dh dSy dh ydM+h ds r[rs,10 ?ku Mslh,eh 260-00,
1215,>ykbZ fo/kqr IykaV ls,ls0eh,2-00,
1224,dBksj df’kZr bLikr dh rkj,fDoaVy,4800-00,
1225,uje bLikr dh piVh iRrh dh tqM+ukjsa,fDoaVy,4120-00,
1980,mMu jk[k,?ku eh,11-00,
2200,Hkki ds dks;ys dh <qykbZ,Vu,187-35,
2202,40 feeh ukeh; ukiokys iRFkj ds feykos dh <qykbZ,?ku eh,163-93,
,,,01-04-2021 dks ;k mlls Bhd igys,
2203,eksVh jsr dh <qykbZ,?ku eh,163-93,
2204,ydM+h dh <qykbZ,?ku eh,187-35,
2205,bLikr dh <qykbZ,Vu,145-72,
2206,40 fe-eh- ukeh; vkdkj ls Åij dk iRFkj feykok <qykbZ,?ku eh,178-19,
2209,lhesaV dh <qykbZ,Vu,145-72,
2211,Vkj&fcVwesu dh <qykbZ,Vu,163-93,
2261,eghu jsr dh <qykbZ ¼1 Hkkx cnjiqj % 2 Hkkx tequk jsr½,?ku eh,163-93,
2262,mM+u jk[k dh <qykbZ,?ku eh,163-93,
2273,",WlcslVkWl dh pknj vkSj milk/kuksa dh <qykbZ",Vu,145-72,
2302,tLrh yksgs dh pknj vkSj milk/kuksa dh <qykbZ,Vu,145-72,
2391,",WY;wfefu;e dh /kkjhnkj 3-15 feeh eksVh vkSj 150 pkSM+h ifRr;kWa",ehVj,286-00,
2392,",WY;wfefu;e dh /kkjhnkj 3-15 feeh eksVh vkSj 200 pkSM+h ifRr;kWa",ehVj,381-00,
2393,1 feeh eksVk LVsuysl bLikr <Ddu IysV xzsM 304,fd-xzk,286-00,
2394,ueZ bLikr ;qXed 16 feeh O;kl,izR;sd,31-00,
2395,ueZ bLikr ;qXed 20 feeh O;kl,izR;sd,41-00,
2396,ueZ bLikr ;qXed 25 feeh O;kl,izR;sd,72-00,
2397,ueZ bLikr ;qXed 28 feeh O;kl,izR;sd,83-00,
2398,ueZ bLikr ;qXed 32 feeh O;kl,izR;sd,114-00,
2399,100 feeh iw.kZ :Q TokbaV,ehVj,2912-00,
2400,150 feeh iw.kZ :Q TokbaV,ehVj,3228-00,
2401,200 feeh iw.kZ :Q TokbaV,ehVj,4160-00,
2402,",ikDlh v/ksflo",fd-xzk-,156-00,
2403,100 feeh ¶yksj TokbaV,ehVj,3193-00,
2404,150 feeh ¶yksj TokbaV,ehVj,4120-00,
2405,200 feeh ¶yksj TokbaV,ehVj,5562-00,
2409,100 feeh oky TokbaV,ehVj,2472-00,
2410,150 feeh oky TokbaV,ehVj,2284-00,
2411,200 feeh oky TokbaV,ehVj,3468-00,
2447,125 feeh O;kl dh gkyksd cfYy;kWa,ehVj,36-00,
7183,csUVksukbV,Vu,2800-00,
7318,lq?kV~;dkjh@vfr lq?kV~;dkjh,fd-xzk,29-00,
7319,nhokj <kWapk fnYgs 1250x500 feeh,izR;sd,860-00,
7320,ca/ku dkcyk 12 feeh O;kl 100 feeh yEck,izR;sd,38-00,
7321,ca/ku dkcyk 12 feeh O;kl 150 feeh yEck,izR;sd,48-00,
7322,ca/ku dkcyk 20 feeh O;kl 150 feeh yEck,izR;sd,57-00,
7323,ca/ku dkcyk 20 feeh O;kl 225 feeh yEck,izR;sd,67-00,
7324,Spring coil 12 mm,each,15.00,
7325,Plastic cone 12 mm dia,each,15.00,
7326,Corner angle 45x45x5 mm 1.50 m long,each,240.00,
7327,100 mm channel shoulder 2.5 m long,each,910.00,
7328,Double clip (bridge clip),each,76.00,
7329,Single clip,each,59.00,
7330,M.S. tube 40 mm dia,metre,215.00,
7331,Wall form panel 1250x450 mm,each,860.00,
7332,Corner angle 45x45x5 mm 2.50 m long,each,255.00,
7333,Column clamp 450x1070 mm,each,965.00,
7334,Prop 2 m ( 2-3.5 m),each,635.00,
7342,Adjustable span ESO+SI (2.35-3.40),each,1480.00,
7343,Adjustable telescopic prop 3 m (2.02-3.75 m),each,955.00,
7344,Beam clamp 300-380 mm (450-1070 mm),each set,355.00,
7345,Prop 4 m,each,910.00,
7346,Double coupler,each,46.00,
8647,Stainless steel screws 30 mm x4 mm,100 Nos,35.84,
8659,Water proof ply 12 mm thick,sqm,525.00,
8953,Micro Silica,kg,28.00,
8954,Stop end tubes for diaphragmwall 600 mm dia.,sqm,4.50,
8955,Driving end tubes for diaphragm wall 600 mm dia.,sqm,72.00,
9977,Carriage,L.S.,2.12,
9988,Carriage and sundries,L.S.,2.12,
9999,Sundries,L.S.,2.12,
7324,dekuh dqUMyh 12 feeh,izR;sd,15-00,
7325,IykfLVd “kadq 12 feeh O;kl,izR;sd,15-00,
7326,dksfu;k dks.k 45x45x5 feeh 1-50 eh yEck,izR;sd,240-00,
7327,100 feeh pSuy iVjh 2-5 eh yEch,izR;sd,910-00,
7328,nksgjh fDyi ¼lsrq fDyi½,izR;sd,76-00,
7329,",dy fDyi",izR;sd,59-00,
7330,uje bLikr uyh 40 feeh O;kl,ehVj,215-00,
7331,nhokj <kapk fnYgs 1250x450 feeh,izR;sd,860-00,
7332,dksfu;k dks.k 45x45x5 feeh 2-50 eh yEck,izR;sd,255-00,
7333,LrEHk f”kadtk 450x1070 eh,izR;sd,965-00,
7334,izkWi 2 eh ¼2&3-5 eh½,izR;sd,635-00,
7342,"lek;ksT; ikV bZ ,l vks + ,l vkbZ ¼2-35&3-40½",izR;sd,1480.00,
7343,Lkek;ksT; VsyhLdksfid izkWi 3 eh ¼2-02&3-75 eh½,izR;sd,955.00,
7344,/kju f”kdatk 300&380 feeh ¼450&1070 feeh½,izR;sd lSV,355.00,
7345,izkWi 4 eh,izR;sd,910-00,
7346,f}&;qXed,izR;sd,46-00,
8647,taxjks/kd bLikr ds isap 30x4 feeh,100 ux,35-84,
8659,tyjks/kd IykbZ 12 feeh eksVh,oxZ eh,525-00,
8953,ekbØks flfydk,fd-xzk,28-00,
8954,"600 feeh O;kl dh Mk;Ýke oky ds fy, LVki baM V~;wcsa",oxZ eh-,4-50,
8955,"600 feeh O;kl dh Mk;Ýke oky ds fy, Mªkbfoax baM V~;wcsa",oxZ eh-,72-00,
9977,<qykbZ,",deq”r",2-12,
9988,"<qykbZ ,oa fofo/k",",deq”r",2-12,
9999,fofo/k,",deq”r",2-12,
,No.,,,
,CAST I N SITU,,,
5.1,"Providin concret reinforc g and laying in position specified grade of reinforced cement e, excluding the cost of centering, shuttering, finishing and ement - All work up to plinth level :",,,
5.1.2,1:1.5:3 (1 cement : 1.5 coarse sand (zone-III) derived from natural sources : 3 graded stone aggregate 20 mm nominal size de rived from natural sources),cum,8364.20,
,5.1.2A 1:1.5:3 (1 cement : 1.5 coarse sand(zone-III) incuding manu- factured sand derived from Recycled Concrete Aggregate (RCA) upto 20% : 3 graded stone aggregate 20 mm nominal size of Recycled Concrete Aggregate (RCA) upto 20%.,cum,8180.85,
5.1.3,1:2:4 (1 cement : 2 coarse sand (zone-III) derived from natural sources : 4 graded stone aggregate 20 mm nominal size de rived from natural sources),cum,7945.65,
,5.1.3A 1:2:4 (1 cement : 2 coarse sand incuding manufactured sand derived from Recycled Concrete Aggregate (RCA) upto 20% : 4 graded stone aggregate 20 mm nominal size of Recycled Con crete Aggregate (RCA) upto 20%).,cum,7752.70,
5.2,"Reinforc attache pillars, floor fiv reinforc ed cement concrete work in walls (any thickness), including d pilasters, buttresses, plinth and string courses, fillets, columns, piers, abutments, posts and struts etc. above plinth level up to e level, excluding cost of centering, shuttering, finishing and ement :",,,
5.2.2,1:1.5:3 (1 cement : 1.5 coarse sand(zone-III) derived from natu- ral sources : 3 graded stone aggregate 20 mm nominal size derived from natural sources),cum,10185.05,
,5.2.2A 1:1.5:3 (1 cement : 1.5 coarse sand incuding manufactured sand derived from Recycled Concrete Aggregate (RCA) upto 20% : 3 graded stone aggregate 20 mm nominal size Recycled Concrete Aggregate (RCA) upto 20%,cum,10001.70,
5.3,"Reinforc having bands, level up finishin sand(zo 20 mm ed cement concrete work in beams, suspended floors, roofs slope up to 15° landings, balconies, shelves, chajjas, lintels, plain window sills, staircases and spiral stair cases above plinth to floor five level, excluding the cost of centering, shuttering, g and reinforcement with 1:1.5:3 (1 cement : 1.5 coarse ne-III) derived from natural sources : 3 graded stone aggregate nominal size derived from natural sources).",cum,10719.30,
,"5.3A Reinforc having bands, level up finishin ed cement concrete work in beams, suspended floors, roofs slope up to 15° landings, balconies, shelves, chajjas, lintels, plain window sills, staircases and spiral staircases above plinth to floor five level excluding the cost of centering, shuttering, g and reinforcement, with 1:1.5:3 (1 cement : 1.5 coarse sand",,,
,No.,,,
5.8,"Reinforc or formi floor fiv reinforc from na derived ed cement concrete work in vertical and horizontal fins individually ng box louvers, facias and eaves boards above plinth level up to e level, excluding the cost of centering, shuttering, finishing and ement with 1:1.5:3 (1 cement : 1.5 coarse sand(zone-III) derived tural sources : 3 graded stone aggregate 20mm nominal size from natural sources).",cum,9297.70,
,"5.8A Reinforc or formi floor fiv reinforc manufa upto 20 Concre ed cement concrete work in vertical and horizontal fins individually ng box louvers, facias and eaves boards above plinth level up to e level excluding the cost of centering, shuttering, finishing and ement, with 1:1.5:3 (1 cement : 1.5 coarse sand incuding ctured sand derived from Recycled Concrete Aggregate (RCA) % : 3 graded stone aggregate 20 mm nominal size Recycled te Aggregate (RCA) upto 20%).",cum,9114.35,
,FORM WORK,,,
5.9,"Centeri of form ng and shuttering including strutting, propping etc. and removal for",,,
5.9.1,"Foundations, footings, bases of columns, etc. for mass concrete",sqm,307.95,
5.9.2,"Walls (any thickness) including attached pilasters, butteresses, plinth and string courses etc.",sqm,669.55,
5.9.3,"Suspended floors, roofs, landings, balconies and access platform",sqm,766.55,
5.9.4,Shelves (Cast in situ),sqm,766.55,
5.9.5,"Lintels, beams, plinth beams, girders, bressumers and cantilevers",sqm,608.35,
5.9.6,"Columns, Pillars, Piers, Abutments, Posts and Struts",sqm,804.25,
5.9.7,"Stairs, (excluding landings) except spiral-staircases",sqm,657.75,
5.9.8,Spiral staircases (including landing),sqm,652.80,
5.9.9,"Arches, domes, vaults up to 6 m span",sqm,1826.25,
5.9.10,"Extra for arches, domes, vaults exceeding 6 m span",sqm,575.25,
5.9.11,Chimneys and shafts,sqm,669.55,
5.9.12,Well steining,sqm,246.40,
5.9.13,"Vertical and horizontal fins individually or forming box louvers band, facias and eaves boards",sqm,1100.40,
5.9.14,Extra for shuttering in circular work (20% of respective centering and shuttering items),sqm,20%,
5.9.15,"Small lintels not exceeding 1.5 m clear span, moulding as in cornices, window sills, string courses, bands, copings, bed plates, anchor blocks and the like",sqm,307.95,
5.9.16,Edges of slabs and breaks in floors and walls,,,
5.9.16.1,Under 20 cm wide,metre,181.90,
5.9.16.2,Above 20 cm wide,sqm,772.10,
,No.,,,
0.1,m and less tha for placing reinforc conditions. n 0.05 m ignored. No extra payment shall be made ement or centering & shuttering under sub - soil water,,,
5.32,Extra for laying rei DESIGN MIX CON nforced cement concrete in or under foul conditions. CRETE,cum,385.25,
5.33,"Providing and la design mix ceme using coarse ag sources, Portlan cement, admixtu to accelerate / r and workability of concrete to si excluding the reinforcement as following grades ying in position ready mixed or site batched nt concrete for reinforced cement concrete work; gregate and fine aggregate derived from natural d Pozzolana / Ordinary Portland /Portland Slag res in recommended proportions as per IS: 9103 etard setting of concrete, to improve durability without impairing strength; including pumping te of laying, curing, carriage for all leads; but cost of centering, shuttering, finishing and per direction of the engineer-in-charge; for the of concrete.",,,
,"Note: Extra ceme content in desig cement content specified minim discretion to eit cement. nt up to 10% of the minimum specified cement n mix shall be payable separately. In case the in design mix is more than 1.10 times of the um cement content, the contractor shall have her re-design the mix or bear the cost of extra",,,
5.33.1,All works upto plinth level,,,
5.33.1.1,Concrete of M25 grade with minimum cement content of 330 kg /cum,cum,8683.80,
5.33.1.2,Concrete of M30 grade with minimum cement content of 350 kg /cum,cum,8825.35,
5.33.1.3,Concrete of M35 grade with minimum cement content of 370 kg /cum,cum,8966.95,
5.33.1.4,Concrete of M40 grade with minimum cement content of 390 kg/cum,cum,9108.50,
5.33.1.5,Concrete of M50 grade with minimum cement content of 410 kg/cum,cum,9250.10,
5.33.2,All works above plinth level upto floor V level,,,
5.33.2.1,Concrete of M25 grade with minimum cement content of 330 kg /cum,cum,10306.20,
5.33.2.2,Concrete of M30 grade with minimum cement content of 350 kg /cum,cum,10477.75,
5.33.2.3,Concrete of M35 grade with minimum cement content of 370 kg /cum,cum,10589.35,
5.33.2.4,Concrete of M40 grade with minimum cement content of 390 kg /cum,cum,10730.90,
5.33.2.5,Concrete of M50 grade with minimum cement,,,
,content of 410 kg /cum,cum,10872.50,
5-1,fof”k’V dksfV ds izcfyr lheasV dadzhV miyC/k djkuk vkSj mls Bhd izdkj ls fcNkuk] <wyk] r[rkcanh lEiwfrZ vkSj izcyu bLikr dh ykxr ds vfrfjDr dqlhZ ry rd ds lHkh dk;Z,,,
,"5-1-2 1%1-5%3 ¼1 lhesaV% 1-5 çk—frd lzksr ls O;qRiUu eksVh jsr ¼vapy&III½% 3 çk—frd lzksrksa ls O;qRiUu 20 feeh U;wure vkdkj dh oxhZ—r iRFkj dh jksM+h½ 5-1-2d 1%1-5%3 ¼1 lhesaV% 1-5 20%rd iquuZohuh—r daØhV jksM+h ¼vkjlh,½ ls O;qRiUu fofufeZr jsr lfgr eksVh jsr ¼vapy&III½ % 3 oxhZ—r iRFkj dh jksM+h 20 feeh U;wure vkdkj iquuZohuh—r daØhV jksM+h ¼vkjlh,½ 20% rd ½",?ku eh ?ku eh,8364-20 8180-85,
,5-1-3 1%2%4 ¼1 lhesaV% 2 çk—frd lzksr ls O;qRiUu eksVh jsr ¼vapy&III½ % 4 çk—frd lzksrksa ls O;qRiUu 20 feeh U;wure vkdkj dh oxhZ—r iRFkj dh jksM+h½,?ku eh,7945-65,
,"5-1-3d 1% 2% 4 ¼1 lhesaV% 2 20%rd iquuZohuh—r daØhV jksM+h ¼vkjlh,½ ls O;qRiUu fofufeZr jsr lfgr eksVh jsr ¼vapy&III½% 4 oxhZ—r iRFkj dh jksM+h 20 feeh U;wure vkdkj iquuZohuh—r daØhV jksM+h ¼vkjlh,½ 20%rd½",?ku eh,7752-70,
5-2,"izcfyr lhesaV dadzhV dk dke Q”kZ ikap ry rd lkFk yxs fHkfRr&LrEHkksa lfgr nhokjksa ¼fdlh Hkh eksVkbZ dh½ esa iq’rksa] dqlhZ rFkk fdaxjh jn~nksa] ifV~V;ksa LrEHkksa] [kEHkksa] ik;ksa] vaR;k/kkjksa rFkk Fkwuks vkSj Fkkeksa vkfn esa iyLrj ,oe~ laiwfrZ] <wyk] r[rkcanh vkSj izcyu&bLikr dh ykxr ds vfrfjDr",,,
,5-2-2 1%1-5%3 ¼1 lhesaV% 1-5 çk—frd lzksr ls O;qRiUu eksVh jsr ¼vapy&III½ % 3 çk—frd lzksrksa ls O;qRiUu 20 feeh U;wure vkdkj dh oxhZ—r iRFkj dh jksM+h½,?ku eh,10185-05,
,"5-2-2d 1% 1-5% 3 ¼1 lhesaV% 1-5 20%rd iquuZohuh—r daØhV jksM+h ¼vkjlh,½ ls O;qRiUu fofufeZr jsr lfgr eksVh jsr ¼vapy&III½% 3 oxhZ—r iRFkj dh jksM+h 20 feeh U;wure vkdkj iquuZohuh—r daØhV jksM+h ¼vkjlh,½ 20%rd½",?ku eh,10001-70,
5-3,"lsaVfjax] 'kVfjax] ifj""dj.k vkSj 1%1-5% 3 ¼1 lhesaV% 1-5 çk—frd lzksr ls O;qRiUu eksVh jsr ¼vapy&III½% 3 çk—frd lzksrksa ls O;qRiUu 20 feeh U;wure vkdkj dh oxhZ—r iRFkj dh jksM+h½ lfgr çcyu dk;Z ds vykok cheksa] lLisaMsM ¶yksj] 15<sup>O</sup>rd <yku okyh Nrksa] ckydfu;ksa] vyekfj;ksa] NTtksa ] fyaVYl] cSaMksa] lkns f[kM+dh dh flfYy;ksa ] lhf<+;ksa vkSj dqlhZ Lrj ls Åij ik¡poh eafty Lrj rd lfiZy lh<+h ds ekeyksa esa çcfyr lhesaV daØhV dk dk;Z A",?ku eh,10719-30,
5-3d,"lsaVfjax] 'kVfjax] ifj""dj.k vkSj 1%1-5% 3¼1 lhesaV% 1-5 20% rd iquuZohuh—r daØhV jksM+h ¼vkjlh,½ ls O;qRiUu fofufeZr jsr lfgr eksVh jsr ¼vapy&III½ % 3 oxhZ—r iRFkj dh jksM+h 20 feeh U;wure vkdkj iquuZohuh—r daØhV jksM+h ¼vkjlh,½ 20% rd½ lfgr çcyu dk;Z ds vykok cheksa] lLisaMsM ¶yksj] 15<sup>O</sup>rd <yku okyh Nrksa]",,,
,ckydfu;ksa] vyekfj;ksa] NTtksa ] fyaVYl] cSaMksa] lkns f[kM+dh dh flfYy;ksa] lhf<+;ksa vkSj dqlhZ Lrj ls Åij ik¡poh eafty Lrj rd lfiZy lh<+h ds ekeyksa esa çcfyr lhesaV daØhV dk dk;Z A,?ku eh,10536-00,
5-4,"lsaVfjax] 'kVfjax] ifj""dj.k vkSj 1%1-5% 3 ¼1 lhesaV% 1-5 çk—frd lzksr ls O;qRiUu eksVh jsr ¼vapy&III½% 3 çk—frd lzksrksa ls O;qRiUu 20 feeh U;wure vkdkj dh oxhZ—r iRFkj dh jksM+h½ lfgr çcyu dk;Z ds vykok ik¡pos ry Lrj rd lHkh fdukjksa] lhf<+;ksa vkSj blh rjg dh txgksa esa çcfyr lhesaV daØhV miyC/k djuk vkSj fcNkukA",?ku eh,9801-75,
5-4d,"lsaVfjax] 'kVfjax] ifj""dj.k vkSj 1%1-5% 3¼1 lhesaV% 1-5 20% rd iquuZohuh—r daØhV jksM+h ¼vkjlh,½ ls O;qRiUu fofufeZr jsr lfgr eksVh jsr ¼vapy&III½ % 3 oxhZ—r iRFkj dh jksM+h 20 feeh U;wure vkdkj iquuZohuh—r daØhV jksM+h ¼vkjlh,½ 20% rd½ lfgr çcyu dk;Z ds vykok ik¡pos ry Lrj rd lHkh fdukjksa] lhf<+;ksa vkSj blh rjg dh txgksa esa çcfyr lhesaV daØhV miyC/k djuk vkSj fcNkukA",?ku eh,9618-45,
5-5,"lsaVfjax] 'kVfjax] ifj""dj.k vkSj 1%1-5% 3 ¼1 lhesaV% 1-5 çk—frd lzksr ls O;qRiUu eksVh jsr ¼vapy&III½% 3 çk—frd lzksrksa ls O;qRiUu 20 feeh U;wure vkdkj dh oxhZ—r iRFkj dh jksM+h½ lfgr çcyu dk;Z ds vykok ik¡pos ry Lrj rd vkpZ] vkpZ fjc] xqacn] okYV] 'ksy] eqM+h gqbZ IysV vkSj Nrksa esa 15 fMxzh ls vf/kd <yku okys Nrksa esa çcfyr lhesaV daØhV dk;ZA",?ku eh,11291-20,
5-5d,"lsaVfjax] 'kVfjax] ifj""dj.k vkSj 1%1-5% 3 ¼1 lhesaV% 1-5 20% rd iquuZohuh—r daØhV jksM+h ¼vkjlh,½ ls O;qRiUu fofufeZr jsr lfgr eksVh jsr ¼vapy&III½ % 3 oxhZ—r iRFkj dh jksM+h 20 feeh U;wure vkdkj iquuZohuh—r daØhV jksM+h ¼vkjlh,½ 20% rd½ lfgr çcyu dk;Z ds vykok ik¡pos ry Lrj rd vkpZ] vkpZ fjc] xqacn] okYV] 'ksy] eqM+h gqbZ IysV vkSj Nrksa esa 15 fMxzh ls vf/kd <yku okys Nrksa esa çcfyr lhesaV daØhV dk;ZA",?ku eh,11107-85,
5-6,"lsaVfjax] 'kVfjax] ifj""dj.k vkSj 1%1-5% 3 ¼1 lhesaV% 1-5 çk—frd lzksr ls O;qRiUu eksVh jsr ¼vapy&III½% 3 çk—frd lzksrksa ls O;qRiUu 20 feeh U;wure vkdkj dh oxhZ—r iRFkj dh jksM+h½ lfgr çcyu dk;Z ds vykok ik¡pos ryLrj rd fpeuh] 'kk¶V esa çcfyr lhesaV daØhV dk;ZA",?ku eh,10409-40,
5-6d,"lsaVfjax] 'kVfjax] ifj""dj.k vkSj 1%1-5% 3¼1 lhesaV% 1-5 20% rd iquuZohuh—r daØhV jksM+h ¼vkjlh,½ ls O;qRiUu fofufeZr jsr lfgr eksVh jsr ¼vapy&III½ % 3 oxhZ—r iRFkj dh jksM+h 20 feeh U;wure vkdkj iquuZohuh—r daØhV jksM+h ¼vkjlh,½ 20% rd½ lfgr çcyu dk;Z ds vykokik¡pos ryLrj rd fpeuh] 'kk¶V esa çcfyr lhesaV daØhV dk;ZA",?ku eh,10226-05,
5-7,"lsaVfjax] 'kVfjax] ifj""dj.k vkSj 1%1-5% 3 ¼1 lhesaV% 1-5 çk—frd lzksr ls O;qRiUu eksVh jsr ¼vapy&III½% 3 çk—frd lzksrksa ls O;qRiUu 20 feeh U;wure vkdkj dh oxhZ—r iRFkj dh jksM+h½ lfgr çcyu dk;Z ds vykok ik¡pos ry Lrj rd osy&LVhfuax esa çcfyr lhesaV daØhV dk;ZA",?ku eh,7852-70,
5-7d,"lsaVfjax] 'kVfjax] ifj""dj.k vkSj 1%1-5% 3¼1 lhesaV% 1-5 20% rd iquuZohuh—r daØhV jksM+h ¼vkjlh,½ ls O;qRiUu fofufeZr jsr lfgr eksVh jsr ¼vapy&III½ % 3 oxhZ—r iRFkj dh jksM+h 20 feeh U;wure vkdkj iquuZohuh—r daØhV jksM+h ¼vkjlh,½ 20% rd½ lfgr çcyu dk;Z ds vykokik¡pos ryLrj rd osy&LVhfuax esa çcfyr lhesaV daØhV dk;ZA",?ku eh,7669-40,
,5-9-17 dkfuZl vkSj x<rksa esa,oxZ eh,769-30,
,"5-9-18 NksVh lrgksa tSls izkl fljksa] czsdVksa ,oe~ ikWM+h fljksa] fHkfRr LrEHkksa rFkk LrEHkksa dh Vksfi;ksa rFkk vk/kkjksa ,oe~ ,sls gh vU; txgksa ij",oxZ eh,827-15,
,5-9-19 osnj “ksM] NTtksa] VksM+k vkfn fdukjksa lfgr,oxZ eh,814-95,
,5-9-20 fuyfEcr Q”kksZa] Nrksa] pkSdh /kjuksa] ckydfu;ksa vkSj vfHkxe IysVQkWeZ ij 12 feeh dh okWVjizwQ IykbZ lfgr,oxZ eh,853-75,
,5-9-21 ljnyksa] cheksa vkSj dqlhZ ry cheksa] xMZjksa] czsL;welZ vkSj cjkensa ds vk/kkjksa ij 12 feeh dh okWVjizwQ IykbZ lfgr,oxZ eh,699-45,
5-10,"izHkkjh vfHk;Urk ds funsZ”kkuqlkj nhokj r[rkcanh esa ca/ku dkcyk] dqaMfyr dekuh] IykfLVd “kadq miyC/k djkuk ,oe~ yxkus lfgr lEiw.kZ dk;Z &",,,
,5-10-1 12 feeh O;kl ds rFkk 100 feeh yEcs,izfr lsV,135-75,
,5-10-2 12 feeh O;kl ds rFkk 150 feeh yEcs,izfr lsV,149-10,
,5-10-3 20 feeh O;kl ds rFkk 150 feeh yEcs,izfr lsV,161-15,
,5-10-4 20 feeh O;kl ds rFkk 225 feeh yEcs,izfr lsV,174-55,
5-11,"vfrfjDr Hkqxrku] i;kZIr ca/kuksa] Vsdksa vkfn lfgr rFkk visf{kr <wyk] r[rkcanh esa vfrfjDr ÅWapkbZ ds fy, lHkh ryksa ij <wyk] r[rkcanh [kksyus dh ykxr lfgr 3- 5 ehVj ÅWapkbZ ls vf/kd] 1 ehVj vFkok mlds va”k dh izR;sd vfrfjDr ÅWapkbZ ds fy, ¼vuqfo{ksi {ks=Qy dh iSekb”k dh tkuh gS½] “kkfey gS-",,,
,"5-11-1 fuyfEcr Q”kksZa] Nrksa] pkSdh] /kjuksa ,oe~ ckydfu;ksa ds fy, ¼vuqfo{ksi {ks=Qy dh iSekb”k dh tkuh gS½ iwoZ fojfpr izcfyr lhesaV dadzhV",oxZ eh,319-25,
5-12,"1%1-5%3 ¼1 lhesaV% 1-5 çk—frd lzksr ls O;qRiUu eksVh jsr ¼vapy&III½% 3 çk—frd lzksrksa ls O;qRiUu 20 feeh U;wure vkdkj dh oxhZ—r iRFkj dh jksM+h½ lfgr çcyu dk;Z ds ykxr ds vykok ik¡pos ry Lrj rd vko';d lsaVfjax] 'kVfjax dh ykxr lfgr gksbfLVax ,oa fQfDlax miyC/k djuk vkSj fLVªax dkslZ] cSaM] dksfiax] csM IysV] ,adj Cy‚d] lkns f[kM+dh dh flfYy;ksa o blh rjg dh txgksa esa çhdkLV çcfyr lhesaV daØhV dk;ZA",?ku eh,9673-50,
5-12d,"1%1-5% 3¼1 lhesaV% 1-5 20% rd iquuZohuh—r daØhV jksM+h ¼vkjlh,½ ls O;qRiUu fofufeZr jsr lfgr eksVh jsr ¼vapy&III½ % 3 oxhZ—r iRFkj dh jksM+h 20 feeh U;wure vkdkj iquuZohuh—r daØhV jksM+h ¼vkjlh,½ 20%rd½ lfgr çcyu dk;Z ds ykxr ds vykok ik¡pos ry Lrj rd vko';d lsaVfjax] 'kVfjax dh ykxr lfgr gksbfLVax ,oa fQfDlax miyC/k djuk vkSj fLVªax dkslZ] cSaM] dksfiax] csM IysV] ,adj Cy‚d] lkns f[kM+dh dh flfYy;ksa o blh rjg dh txgksa esa çhdkLV çcfyr lhesaV daØhV dk;ZA",?ku eh,9491-50,
5-13,"1%1-5%3 ¼1 lhesaV% 1-5 çk—frd lzksr ls O;qRiUu eksVh jsr ¼vapy&III½% 3 çk—frd lzksrksa ls O;qRiUu 20 feeh U;wure vkdkj dh oxhZ—r iRFkj dh jksM+h½ lfgr çcyu dk;Z ds ykxr ds vykok ik¡pos ry Lrj rd vko';d lsaVfjax] 'kVfjax dh ykxr lfgr gksbfLVax ,oa fQfDlax miyC/k djuk vkSj NksVs fyaVsy esa tks fd ik¡pos ry Lrj rd Li""V 1-5 ehVj ls vf/kd u gks] esa çhdkLV çcfyr lhesaV daØhV dk;ZA",?ku eh,13581-85,
5-13d,"1%1-5% 3¼1 lhesaV% 1-5 20%rd iquuZohuh—r daØhV jksM+h ¼vkjlh,½ ls O;qRiUu fofufeZr jsr lfgr eksVh jsr ¼vapy&III½ % 3 oxhZ—r iRFkj dh jksM+h 20 feeh U;wure vkdkj iquuZohuh—r daØhV jksM+h ¼vkjlh,½ 20%rd½ lfgr çcyu dk;Z ds ykxr ds vykok ik¡pos ry Lrj rd vko';d lsaVfjax] 'kVfjax dh ykxr lfgr gksbfLVax ,oa fQfDlax miyC/k djuk vkSj NksVs fyaVsy esa tks fd ik¡pos ry Lrj rd Li""V 1-5 ehVj ls vf/kd u gks] esa çhdkLV çcfyr lhesaV daØhV dk;ZA",?ku eh,13398-50,
5-14,"1%1-5%3 ¼1 lhesaV% 1-5 çk—frd lzksr ls O;qRiUu eksVh jsr ¼vapy&III½% 3 çk—frd lzksrksa ls O;qRiUu 20 feeh U;wure vkdkj dh oxhZ—r iRFkj dh jksM+h½ lfgr çcyu dk;Z ds ykxr ds vykok ik¡pos ry Lrj rd dqlhZ Lrj ls Åij rd lhesaV eksVkZj esa lsfVax 1%3 ¼1 lhesaV % 3 eksrh jsr½ vkSj vko';d lsaVfjax] 'kVfjax dh ykxr lfgr gksbfLVax ,oa fQfDlax miyC/k djuk vkSj eksfYMax tSls fd d‚fuZl] f[klfd;ksa fd flfYy;ksa vkfn esa çhdkLV çcfyr lhesaV daØhV dk;ZA",?ku eh,15777-40,
5-14d,"1%1-5% 3¼1 lhesaV% 1-5 20%rd iquuZohuh—r daØhV jksM+h ¼vkjlh,½ ls O;qRiUu fofufeZr jsr lfgr eksVh jsr ¼vapy&III½ % 3 oxhZ—r iRFkj dh jksM+h 20 feeh U;wure vkdkj iquuZohuh—r daØhV jksM+h ¼vkjlh,½ 20%rd½ lfgr çcyu dk;Z ds ykxr ds vykok ik¡pos ry Lrj rd dqlhZ Lrj ls Åij rd lhesaV eksVkZj esa lsfVax 1%3 ¼1 lhesaV % 3 eksrh jsr½ vkSj vko';d lsaVfjax ] 'kVfjax dh ykxr lfgr gksbfLVax ,oa fQfDlax miyC/k djuk vkSj eksfYMax tSls fd d‚fuZl] f[klfd;ksa fd flfYy;ksa vkfn esa çhdkLV çcfyr lhesaV daØhV dk;ZA",?ku eh,15594-10,
5-15,"1%1-5%3 ¼1 lhesaV% 1-5 çk—frd lzksr ls O;qRiUueksVh jsr ¼vapy&III½% 3 çk—frd lzksrksa ls O;qRiUu 20 feeh U;wure vkdkj dh oxhZ—r iRFkj dh jksM+h½ lfgr çcyu dk;Z ds ykxr ds vykok ik¡pos ry Lrj rd dqlhZ Lrj ls Åij rd lhesaV eksVkZj esa lsfVax 1%3 ¼1 lhesaV % 3 eksrh jsr½ vkSj vko';d lsaVfjax] 'kVfjax dh ykxr lfgr gksbfLVax ,oa fQfDlax miyC/k djuk vkSj fyaVsy] che vkSj czslelZ esa çhdkLV çcfyr lhesaV daØhV dk;ZA",?ku eh,12321-25,
5-15d,"1%1-5% 3¼1 lhesaV% 1-5 20%rd iquuZohuh—r daØhV jksM+h ¼vkjlh,½ ls O;qRiUu fofufeZr jsr lfgr eksVh jsr ¼vapy&III½ % 3 oxhZ—r iRFkj dh jksM+h 20 feeh U;wure vkdkj iquuZohuh—r daØhV jksM+h ¼vkjlh,½ 20%rd ½ lfgr çcyu dk;Z ds ykxr ds vykok ik¡pos ry Lrj rd dqlhZ Lrj ls Åij rd lhesaV eksVkZj esa lsfVax 1%3 ¼1 lhesaV % 3 eksrh jsr½ vkSj vko';d lsaVfjax] 'kVfjax dh ykxr lfgr gksbfLVax ,oa fQfDlax miyC/k djuk vkSj fyaVsy] che vkSj czslelZ esa çhdkLV çcfyr lhesaV daØhV dk;ZA",?ku eh,12137-95,
5-16,"1%1-5%3 ¼1 lhesaV% 1-5 çk—frd lzksr ls O;qRiUu eksVh jsr ¼vapy&III½% 3 çk—frd lzksrksa ls O;qRiUu 20 feeh U;wure vkdkj dh oxhZ—r iRFkj dh jksM+h½ lfgr çcyu dk;Z ds ykxr ds vykok ik¡pos ry Lrj rd dqlhZ Lrj ls Åij rd lhesaV eksVkZj esa lsfVax 1%3 ¼1 lhesaV % 3 eksrh jsr½ vkSj vko';d lsaVfjax] 'kVfjax dh ykxr lfgr gksbfLVax ,oa fQfDlax miyC/k djuk vkSj 'ksYQ ;k vyekfj;ksa esa çhdkLV çcfyr lhesaV daØhV dk;ZA",?ku eh,18644-60,
5-16d,"1%1-5% 3¼1 lhesaV% 1-5 20%rd iquuZohuh—r daØhV jksM+h ¼vkjlh,½ ls O;qRiUu fofufeZr jsr lfgr eksVh jsr ¼vapy&III½ % 3 oxhZ—r iRFkj dh jksM+h 20 feeh U;wure vkdkj iquuZohuh—r daØhV jksM+h ¼vkjlh,½ 20%rd½ lfgr çcyu dk;Z ds ykxr ds vykok ik¡pos ry Lrj rd dqlhZ Lrj ls Åij rd lhesaV eksVkZjesa lsfVax 1%3 ¼1 lhesaV % 3 eksrh jsr½ vkSj vko';d lsaVfjax ] 'kVfjax dh ykxr lfgr gksbfLVax ,oa fQfDlax miyC/k djuk vkSj 'ksYQ ;k vyekfj;ksa esa çhdkLV çcfyr lhesaV daØhV dk;ZA",?ku eh,18461-30,
5-17,"1%1-5%3 ¼1 lhesaV% 1-5 çk—frd lzksr ls O;qRiUu eksVh jsr ¼vapy&III½% 3 çk—frd lzksrksa ls O;qRiUu 20 feeh U;wure vkdkj dh oxhZ—r iRFkj dh jksM+h½ lfgr çcyu dk;Z ds ykxr ds vykok ik¡pos ry Lrj rd dqlhZ Lrj ls Åij rd lhesaV eksVkZj esa lsfVax 1%3 ¼1 lhesaV % 3 eksrh jsr½ vkSj vko';d lsaVfjax] 'kVfjax dh ykxr lfgr gksbfLVax ,oa fQfDlax miyC/k djuk vkSj Å/kZ~ok/kj vkSj {kSfrt fQu vyx ls ;k c‚Dl ywoj cukrs gq,] esa çhdkLV çcfyr lhesaV daØhV dk;ZA",?ku eh,10817-10,
5-17d,"1%1-5% 3 ¼1 lhesaV% 1-5 20%rd iquuZohuh—r daØhV jksM+h ¼vkjlh,½ ls O;qRiUu fofufeZr jsr lfgr eksVh jsr ¼vapy&III½ % 3 oxhZ—r iRFkj dh jksM+h 20 feeh U;wure vkdkj iquuZohuh—r daØhV jksM+h ¼vkjlh,½ 20%rd½ lfgr çcyu dk;Z ds ykxr ds vykok ik¡pos ry Lrj rd dqlhZ Lrj ls Åij rd lhesaV eksVkZjesa lsfVax 1%3 ¼1 lhesaV % 3 eksrh jsr½ vkSj vko';d lsaVfjax ] 'kVfjax dh ykxr lfgr gksbfLVax ,oa fQfDlax miyC/k djuk vkSj Å/kZ~ok/kj vkSj {kSfrt fQu vyx ls ;k c‚Dl ywoj cukrs gq,]esa çhdkLV çcfyr lhesaV daØhV dk;ZA",?ku eh,10633-80,
5-18,izcfyr lhesaV dadzhV 1%2%4 ¼1 lhesaV % 2 eksVh jsr ¼tksu&III½ % 4 iRFkj dk 6 feeh ukeh; ukiokyk vuqikfrr feykok½ dh 1-6 feeh eksVs uje bLikr&rkj ls izcfyr] iwoZ fojfpr tkyh dh O;oLFkk djuk] mls [kqjnjh djus] lkQ djus] 1%3 ¼1 lhesaV % 3 eghu jsr½ ds lhesaV elky ls yxkus vkSj laiwfrZ vkfn lfgr lEiw-kZ] ijarq ik[ksa] nsgyksa vkSj ryapksa ij iyLrj djus ds vfrfjDr,,,
,5-18-1 50 feeh eksVh,oxZ eh,1580-90,
,5-18-2 40 feeh eksVh,oxZ eh,1430-30,
,5-18-3 25 feeh eksVh,oxZ eh,1291-45,
,fcys bLikr [kaM dh yisV,,,
5-19,"che vkSj LraHkksa esa jksYM LVhy Hkkxksa dks lhesaV daØhV 1%1-5%3 ¼1 lhesaV% 1-5 çk—frd lzksr ls O;qRiUu eksVh jsr ¼vapy&III½% 3 çk—frd lzksrksa ls O;qRiUu 20 feeh U;wure vkdkj dh oxhZ—r iRFkj dh jksM+h½ ds lkFk ,adsl djuk] ftlesa iw.kZ lsaVfjax ,oa 'kVfjax dh ykxr 'kkfey gks] ijarq çcyu dk ykxr 'kkfey u gksA",?ku eh,14191-95,
5-19d,"che vkSj LraHkksa esa jksYM LVhy Hkkxksa dks lhesaV daØhV 1%1-5% 3 ¼1 lhesaV% 1-5 20% rd iquuZohuh—r daØhV jksM+h ¼vkjlh,½ ls O;qRiUu fofufeZr jsr lfgr eksVh jsr ¼vapy&III½ % 3 oxhZ—r iRFkj dh jksM+h 20 feeh U;wure vkdkj iquuZohuh—r daØhV jksM+h ¼vkjlh,½ 20%rd½ ds lkFk ,adsl djuk] ftlesa iw.kZ lsaVfjax ,oa",,,
,'kVfjax dh ykxr 'kkfey gks] ijarq çcyu dk ykxr 'kkfey u gksA,?ku eh,14008-65,
5-20,"fxzyst esa jksYM LVhy Hkkxksa dks lhesaV daØhV 1%1-5%3 ¼1 lhesaV% 1-5 çk—frd lzksr ls O;qRiUueksVh jsr ¼vapy&III½% 3 çk—frd lzksrksa ls O;qRiUu 20 feeh U;wure vkdkj dh oxhZ—r iRFkj dh jksM+h½ ds lkFk ,adsl djuk] ftlesa lsaVfjax ,oa 'kVfjax dh ykxr 'kkfey gks] ijarq foLrkfjr /kkrq o gSaxj dh ykxr 'kkfey u gksA",?ku eh,8874-65,
5-20d,"fxzyst esa jksYM LVhy Hkkxksa dks lhesaV daØhV 1%1-5% 3 ¼1 lhesaV% 1-5 20%rd iquuZohuh—r daØhV jksM+h ¼vkjlh,½ ls O;qRiUu fofufeZr jsr lfgr eksVh jsr ¼vapy&III½ % 3 oxhZ—r iRFkj dh jksM+h 20 feeh U;wure vkdkj iquuZohuh—r daØhV jksM+h ¼vkjlh,½ 20%rd½ ds lkFk ,adsl djuk] ftlesa lsaVfjax ,oa 'kVfjax dh ykxr 'kkfey gks] ijarq foLrkfjr /kkrq o gSaxj dh ykxr 'kkfey u gksA",?ku eh,8691-35,
5-21,"vfrfjDr Hkqxrku] /kjuksa] LraEHkksa vkSj tkynkj jpuk esa fcy bLikr [kaMksa dks yisVus ds fy, 20x60 feeh Nsnksa vkSj 3-25 feeh pkSM+h 1-6 feeh eksVh yM+ksa okyh 3-64 fdxzk izfr oxZ eh otu dh cjQh tkyh dh O;oLFkk djuk ijUrq yxkus ds fy, ca/kuh dh ykxr ds vfrfjDr",oxZ eh,448-80,
,bLikr izcyu,,,
5-22,"izcfyr lheasV dadzhV ds dke ds fy, izcyu] mls lh/kk djus] dkVus] eksM+us] vkSj ;FkkLFkku j[kus vkSj cka/kus lfgr] lEiw.kZ dqlhZ ry rd",,,
,"5-22-1 uje bLikr vkSj e/;e bLikr ruko bLikr lfj,",fdxzk,88-95,
,"5-22-2 dM+s df""kZr bLikr ds rkj",fdxzk,87-50,
,"5-22-3 BaMs ,saBs bLikr lfj,",fdxzk,89-65,
,"5-22-4 xeZ fcys fod`r lfj,",fdxzk,89-65,
,"5-22-5 dM+s df""kZr bLikr ds rkj dk tky",fdxzk,94-10,
,5-22-6 rkih; ;kaf=dh ls mipkfjr NMsa+,fdxzk,89-65,
5-22¼d½,"Vsaªp] fIyaFk Lrj rd LFkku ij yxkus vkSj cak/kus lfgr dkj[kkus @odZ”kkWi ls dV vkSj csaM ^^ fjckjksa dk mi;ksx djus ds fy, rS;kj fuekZ.k LFky rd vkj lh lh dk;Z ds fy, LVhy izcyu",,,
,"5-22d-1 uje bLikr vkSj e/;e bLikr ruko bLikr lfj,",fdxzk,89-65,
,"5-22d-2 dM+s df""kZr bLikr ds rkj",fdxzk,87-50,
,"5-22d-3 BaMs ,saBs bLikr lfj,",fdxzk,89-65,
,"5-22d-4 xeZ fcys fod`r lfj,",fdxzk,89-65,
,"5-22d-5 dM+s df""kZr bLikr ds rkj dk tky",fdxzk,94-10,
,5-22d-6 rkih; ;kaf=dh ls mipkfjr NMsa+,fdxzk,89-65,
5-22¼[k½,"Vsaªp] fIyaFk Lrj rd LFkku ij yxkus vkSj cak/kus lfgr dkj[kkus @odZ”kkWi ls dV vkSj csaM ^^ fjckjksa dk mi;ksx djus ds fy, rS;kj fuekZ.k LFky rd vkj lh lh dk;Z ds fy, LVhy izcyu",,,
,"5-22[k-1 ,Q bZ 500 Mh dh Js.kh ;k mlls vf/kd ds FkeksZ ;a=or VªhVsM ckj",fdxzk,83-15,
5-22¼x½,"Vsaªp]fIyaFk Lrj rd LFkku ij yxkus vkSj cak/kus lfgr dkj[kkus @odZ”kkWi ls dV vkSj csaM ^^ fjckjksa dk mi;ksx djus ds fy, rS;kj fuekZ.k LFky rd vkj lh lh dk;Z ds fy, LVhy izcyu",,,
,"5-22x-1 ,Q bZ 500 Mh dh Js.kh ;k mlls vf/kd ds FkeksZ ;a=or VªhVsM ckj",fdxzk,83-15,
,fofo/k,,,
5-23,izcfyr lhesaV daØhV ds dke esa [kqyh gqbZ lrg ij 6 feeh eksVk 1%3 ¼1 lhesaV % 3 eghu jsr½ ds lhesaV elkys ls fpduh lEiwfrZ djuk,oxZ eh,253-05,
5-24,"vfrfjDr Hkqxrku fuyfEcr Q'kksZa] lksiku pkSfd;ksa vkSj lksikuksa ¼iM+ vkSj [kM+ iV~V½ dh Åijh lrgksa dks 1%2 ¼1 lhesaV % 2 eksVh jsr½ ds elkys ls vkSj fQj [kkfyl lhesaV dh ?kqVkbZ djds fpduh djus] ml lrg dh lqj{kk gsrq fuyfEcr Q'kksZa ij eghu jsr dh 15 feeh ,oe~ feV~Vh dh 7-5 lseh eksVh ijr fcNkus rFkk lksiku pkSfd;ksa ,oe~ lhf<;ksa ij xkjs ls bZaV yxkus vkSj ckn esa ;g lc gVkdj lrg lkQ djus ds fy,",oxZ eh,133-90,
5-25,"izlkj tksM+ksa ds fy, rkacs dh pknj dh O;oLFkk djuk vkSj vfHkdYi ds vuqlkj mls yxkuk",fd0xzk0,729-40,
5-26,"izlkj tksM+ksa esa QwWads gq, fcVwesu dh O;oLFkk vkSj ;FkkLFkku Hkjuk",?ku eh,63877-35,
527,"izlkj tksM+ksa esa 80 fdxzk xje fcVwesu] ,d fdxzk lhesaV vkSj 0-25 ?ku eh eksVh jsr ds vuqikr okyh fcVwesu&feJ Hkjr dh O;oLFkk djuk vkSj ;FkkLFkku Hkjuk",?ku eh,22400-50,
5-28,izlkj tksM+ksa esa Hkkjrh; ekud 1838 ds vuqlkj 12 feeh eksVs fcVwesu lflZDr js'kk&r[rksa dh O;oLFkk djuk vkSj ;Fkk LFkku yxkuk ftlesa vLrj dh ykxr] lhfyax ;kSfxd 'kkfey gSa,oxZ eh,567-25,
5-29,vfHkdYi ds vuqlkj izlkj&tksM+ksa ij ln~'k pknj dh O;oLFkk djuk vkSj yksgs ds isapksa ls yxkuk %,,,
,5-29-1 Hkkjrh; ekud 14862 ds vuqlkj 6 feeh eksVk Qkbcj lhesaV cksMZ,,,
,5-29-1-1 150 fe-eh- pkSM+k,ehVj,203-65,
,5-29-1-2 200 fe-eh- pkSM+k,ehVj,273-95,
,"5-29-2 3-15 fe-eh- eksVh ,WY;wfefu;e dh /kkjhnk ifV~V;kWa",,,
,5-29-2-1 150 fe-eh- pkSM+h,ehVj,515-80,
,5-29-2-2 200 fe-eh- pkSM+h,ehVj,685-10,
,5-29-3 Hkkjrh; ekud 14276 ds vuqlkj 6 fefe eksVk lhesaV cksUMsM oqMikVhZdy cksMZ,,,
,5-29-3-1 150 fe-eh- pkSM+h,ehVj,200-50,
,5-29-3-2 200 fe-eh- pkSM+h,ehVj,209-75,
5-30,"c<kus dh nj izcfyr lhesaV dadzhV ds iz{ksi.kksa esa iyLrj dh gqbZ lrg esa [kkapk ;k iyLrj dh Vid ;k x<r ds fy,",ehVj,64-70,
5-31,"vfrfjDr Hkqxrku] ikuh esa ;k mlds uhps cgrh dhpM+ esa izcfyr lhesaVdaØhV Mkyus] ikuh ds iaiu ,oe~ myhpus vkSj dhp fudkyus vkfn lcds fy,",?ku eh,905-50,
,"ena la0 5-31 ds fy, fVIi.kh %voHkwfe ty&ry ls ysdj voHkwfe ty ds uhps izcfyr lhesaV dadzhV ds xq#Ro dsUnz rd ukih xbZ xgjkbZ dks voHkwfe ty ds uhps",,,
,"fu""ikfnr izcfyr lhesaV dadzhV ?ku ehVj ls xq-kk djds ek=k fudkyh tk,xh] xq#Ro",,,
,"dsUnz dh xgjkbZ 0-1 ehVj rd Bhd fudkyh tk,xh] 0-05 ehVj ;k blls vf/kd dks 0-1 ehVj eku fy;k tk,xk- izcyu vFkok voHkwfe ty n'kkvksa esa <wykcanh ,oe~ r[rkcanh ds fy, dksbZ vfrfjDr Hkqxrku ugha fd;k tk,xk-",,,
5-32,"xUnh fLFkfr;ksa esa ;k mlds uhps izcfyr lhesaV dadzhV Mkyus ds fy, vfrfjDr Hkqxrku daØhV feJ.k vfHkdYikuqlkj",?ku eh,385-25,
5-33,"lkns lhesaV daØhV ds dk;Z ds fy, rS;kj fefJr ;k lkbV cSp fMtkbu feDl lhesaV daØhV miyC/k djuk vkSj txg ij fcNkuk; çk—frd lzksrksa ls O;qRiUu eksVh jksM+h vkSj ckjhd jksM+h] iksVZySaM i‚tksykuk@lk/kkj.k iksVZySaM@iksVZySaM LySx lhesaV dk mi;ksx djds vkbZ,l% 9103 ds vuqlkj daØhV dh LFkkiuk esa rsth ykus / ean djus ds fy,] rkdr dks de fd, fcuk LFkkf;Ro vkSj dk;Z'khyrk esa lq/kkj djus ds fy, vuq'kaflr vuqikr esa feJ.k; ftlesa çHkkjh vfHk;ark ds funsZ'kkuqlkj daØhV ds fuEufyf[kr xzsM ds fy, lsaVfjax] 'kVfjax vkSj fQfuf'kax dh ykxr dks NksM+dj daØhV dh iafiax ls fcNkus vkSj D;wfjax dh lkbV rd lHkh yhM dk ogu 'kkfey gksA uksV% fMtkbu feDl esa U;wure fufnZ""V lhesaV lkexzh ds 10% rd vfrfjä lhesaV vyx ls ns; gksxkA ;fn fMtkbu feJ.k esa lhesaV lkexzh U;wure fufnZ""V lhesaV lkexzh ds 110 çfr'kr ls vf/kd gS] rks Bsdsnkj ds ikl feJ.k dks fQj ls fMtkbu djus ;k vfrfjä lhesaV dh ykxr dks ogu djus dk foosdkf/kdj gksxkA 5-33-1 dqlhZ Lrj rd ds lHkh dk;Z 5-33-1-1 330 fdxzk@?kuehVj dh U;wure lhesaV lkexzh lfgr ,e 25 xzsM dk daØhV 5-33-1-2 350 fdxzk@?kuehVj dh U;wure lhesaV lkexzh lfgr ,e 30 xzsM dk daØhV 5-33-1-3 370 fdxzk@?kuehVj dh U;wure lhesaV lkexzh lfgr ,e 35 xzsM dk daØhV 5-33-1-4 390 fdxzk@?kuehVj dh U;wure lhesaV lkexzh lfgr ,e 40 xzsM dk daØhV 5-33-1-5 410 fdxzk@?kuehVj dh U;wure lhesaV lkexzh lfgr ,e 50 xzsM dk daØhV",?ku eh ?ku eh ?ku eh ?ku eh ?ku eh,8683-80 8825-35 8966-95 9108-50 9250-10,
,"5-33-2 ryV Lrj rd dqlhZ Lrj ls Åij ds lHkh dk;Z 5-33-2-1 330 fdxzk@?kuehVj dh U;wure lhesaV lkexzh lfgr ,e 25 xzsM dk daØhV",?ku eh,10306-20,
,"5-33-2-2 350 fdxzk@?kuehVj dh U;wure lhesaV lkexzh lfgr ,e 30 xzsM dk daØhV",?ku eh,10477-75,
,"5-33-2-3 370 fdxzk@?kuehVj dh U;wure lhesaV lkexzh lfgr ,e 35 xzsM dk daØhV",?ku eh,10589-35,
,"5-33-2-4 390 fdxzk@?kuehVj dh U;wure lhesaV lkexzh lfgr ,e 40 xzsM dk daØhV",?ku eh,10730-90,
,"5-33-2-5 410 fdxzk@?kuehVj dh U;wure lhesaV lkexzh lfgr ,e 50 xzsM dk daØhV",?ku eh,10872-50,
5-33d,"lkns lhesaV daØhV ds dk;Z ds fy, rS;kj fefJr ;k lkbV cSp fMtkbu feDl lhesaV daØhV miyC/k djuk vkSj txg ij fcNkuk; çk—frd lzksrksa ls O;qRiUu eksVh jksM+h vkSj ckjhd jksM+h dk mi;ksx djds vkSj iquuZfouh—r daØhV jksM+h dk eksVh jksM+h ,oa ckjhd jksM+h ds :i esa çR;sd dk vuqeR; 20% mi;ksx djds iksVZySaM i‚tksykuk@lk/kkj.k iksVZySaM@iksVZySaM LySx lhesaV dk mi;ksx djds vkbZ,l% 9103 ds vuqlkj daØhV dh LFkkiuk esa rsth ykus@ean djus ds fy,] rkdr dks de fd, fcuk LFkkf;Ro vkSj dk;Z'khyrk esa lq/kkj djus ds fy, vuq'kaflr vuqikr esa feJ.k; ftlesa çHkkjh vfHk;ark ds funsZ'kkuqlkj daØhV ds fuEufyf[kr xzsM ds fy, lsaVfjax] 'kVfjax vkSj fQfuf'kax dh ykxr dks NksM+dj daØhV dh iafiax ls fcNkus vkSj D;wfjax dh lkbV rd lHkh yhM dk ogu 'kkfey gksA uksV% fMtkbu feDl esa U;wure fufnZ""V lhesaV lkexzh ds 10% rd vfrfjä lhesaV vyx ls ns; gksxkA ;fn fMtkbu feJ.k esa lhesaV lkexzh U;wure fufnZ""V lhesaV lkexzh ds 110 çfr'kr ls vf/kd gS] rks Bsdsnkj ds ikl feJ.k dks fQj ls fMtkbu djus ;k vfrfjä lhesaV dh ykxr dks ogu djus dk foosdkf/kdj gksxkA 5-33d-1 dqlhZ Lrj rd ds lHkh dk;Z 5-33d-1-1 330 fdxzk@?kuehVj dh U;wure lhesaV lkexzh lfgr ,e 25 xzsM dk daØhV 5-33d-2 ryVLrj rd dqlhZ Lrj ls Åij ds lHkh dk;Z 5-33,-2-1 330 fdxzk@?kuehVj dh U;wure lhesaV lkexzh lfgr ,e25xzsM dk daØhV",?ku eh ?kuehVj,8500-45 10122-85,
5-34,gVk fn;k x;k gS 5-34-1 gVk fn;k x;k gS 5-34-2 gVk fn;k x;k gS,,,
,5-34-3 gVk fn;k x;k gS,,,
5-35,feJ vfHkdYi ds vuqlkj rS;kj daØhV dh en esa r; dh xbZ lhesaV dh ek=k ls vf/kd lhesaV dk iz;ksx fd;k tkuk-,fDoaVy,688-45,
5-36,"çhdkLV çcfyr lhesaV daØhV oQy bdkb;ksa] oxZ ;k vk;rkdkj] dks Q'kZ vkSj Nrksa ds fy, fMtkbu vkSj vkdkj ds vuqlkj 1%1-5%3 ¼1 lhesaV% 1½ çk—frd lzksr ls O;qRiUueksVh jsr ¼vapy&III½% 3 çk—frd lzksrksa ls O;qRiUu 20feeh U;wure vkdkj dh oxhZ—r iRFkj dh jksM+h½ ds lkFk miyC/k djuk o txg ij j[kuk] ftlesa lhesaV eksVkZj 1%2 ¼1 lhesaV% 2 ckjhd jsr½ esa tksM+ksa ij ¶y'k ;k Mhi :YM i‚bafVax] lfoZl ykbu vkfn ds ek/;e ls ys tkus ds fy, visf{kr vkdkj ds vko';d Nsn cukuk] mBkus vkfn ds fy, LVhy ds gqd] lHkh eafty Lrjksa ds fy, çhdkfLVax] gSaMfyax] gksbfLVax] lsaVfjax vkSj fuekZ.k esa Q‚eZ ds dk;Z 'kkfey gks] ijarq çcyu dh ykxr 'kkfey u gksA",?ku eh,27983-75,
5-36d,"çhdkLV çcfyr lhesaV daØhV oQy bdkb;ksa] oxZ ;k vk;rkdkj] dks Q'kZ vkSj Nrksa ds fy, fMtkbu vkSj vkdkj ds vuqlkj 1%1-5% 3 ¼1 lhesaV% 1-5 20%rd iquuZohuh—r daØhV jksM+h ¼vkjlh,½ ls O;qRiUu fofufeZr jsr lfgr eksVh jsr ¼vapy&III½ % 3 oxhZ—r iRFkj dh jksM+h 20 feeh U;wure vkdkj iquuZohuh—r",,,
,"daØhV jksM+h ¼vkjlh,½ 20% rd ½ds lkFk miyC/k djuk o txg ij j[kuk] ftlesalhesaV eksVkZj 1%2 ¼1 lhesaV% 2 ckjhd jsr½ esa tksM+ksa ij ¶y'k ;k Mhi :YM i‚bafVax]lfoZl ykbu vkfn ds ek/;e ls ys tkus ds fy, visf{kr vkdkj ds vko';d Nsn cukuk]mBkus vkfn ds fy, LVhy ds gqd]lHkh eafty Lrjksa ds fy, çhdkfLVax] gSaMfyax] gksbfLVax] lsaVfjax vkSj fuekZ.k esa Q‚eZ ds dk;Z 'kkfey gks] ijarq çcyu dh ykxr 'kkfey u gksA",?ku eh,27800-40,
5-37,gVk fn;k x;k gS,,,
,5-37-1 gVk fn;k x;k gS 5-37-2 gVk fn;k x;k gS,,,
5-38,"Q'kZ ikWap ry ls Åij ds izR;sd pkj ryksa vFkok muds va'kksa ds izcfyr lhesaV dadzhV@?kku fefJr dadzhV@rS;kj fefJr dadzhV dk;ksaZ ds fy, vfrfjDr Hkqxrku",?ku eh,280-95,
5-40,gVk fn;k x;k gS 5-40-1 gVk fn;k x;k gS,,,
,5-40-2 gVk fn;k x;k gS,,,
5-41,"izHkkjh vfHk;ark ds funsZ'kksa ,oa fuekZrk ds fofunsZ""kksa ds vuqlkj igys ls tkap fd, x, rFkk ty vk/kkfjr dadzhV ls fpukbZ@rjkbZ esa iz;qDr ;kSfxd rFkk rRlacfU/kr lk/ku miyC/k djkuk rFkk iz;ksx esa ykuk",,,
,5-41-1 xSj jaftr osV D;ksfjax dEikmUM,oxZ eh,57-50,
5-42,"izHkkjh vfHk;ark ds funsZ'kkuqlkj dk;Z dks iwjk djus ds fy, ;Fkk visf{kr pwM+h cukus] fia?kykdj dusD""ku ij foLrkj djus] rS;kj izcfyr NM+ksa dks jaftr djus rFkk laxr izpkyuksa lfgr NM+ksa dks izcfyr djus ds fy, dadzhV izcyu fofunsZ""ku ds fy, NM+ksa ds ;kaf=d ds fy, izcyu ;qXedksa ij vkbZ ,l dksM ds vuq:Ik “kqaMkdkj ¼VsiMZ@laLrkfir½ lekukUrj pwM+hnkj ;qXedksa dh O;oLFkk djuk ,oa mUgsa yxkuk ftlesa ;qXed dh O;oLFkk dh tk,xh] ogka ij NM+ks dh yEckbZ esa varj u j[kus ds fy, et+nwjh vkSj cka/kus ds fy, Ikz;qDr rkj esa cph rkj dh dksbZ dVkSrh ugha dh tk,xh-",,,
,5-42-1 16 feeh O;kl okyh izcfyr NM+ gsrq ;qXed,izR;sd,102-55,
,5-42-2 20 feeh O;kl okyh izcfyr NM+ gsrq ;qXed,izR;sd,143-00,
,5-42-3 25 feeh O;kl okyh izcfyr NM+ gsrq ;qXed,izR;sd,204-95,
,5-42-4 28 feeh O;kl okyh izcfyr NM+ gsrq ;qXed,izR;sd,239-85,
,5-42-5 32 feeh O;kl okyh izcfyr NM+ gsrq ;qXed,izR;sd,288-80,
5-43,"vfHkdYikuqlkj tksM+ksa ds foLrkj gsrq 1-0 feeh eksVh LVsuysl LVhy dh 304 xzsM dh IysV dh O;oLFkk djuk ,oa mUgsa yxkuk",,,
,5-43-1 200 feeh pkSM+h,ehVj,747-25,
,5-43-2 300 feeh pkSM+h,ehVj,1053-40,
5-44,"izHkkjh bathfu;j dh Mªkbax vkSj funZs”kkuqlkj ¶yksj yksds”ku ls lacfU/kr foLrkjd tksM+ iz.kkyh dh O;oLFkk djuk vkSj yxkukA tksM+ iz.kkyh] ,-,l-Vh-,e- ch 221&02 ds vuqlkj fu'dkflr ,Y;qfefu;e csl eSEcj] LkSYQ ,ykbfuax @lsYQ lSUVfjax O;oLFkk rFkk lgk;d IysaVksa vkfn ls ;qDr gksxhA ;g iz.kkyh ,slh gksxh fd blesa yksM vuqiz;ksx okys {ks=ksa esa fofHkUu m?okZ?kj LFkku ds fy, Q~yksj ls Q~yksj o Q~yksj ls oky rd foLrkjd fu;U=.k iz.kkyh gksxh ftlesa vius la?kVdksa dks ruko ds fcuk cgqr lh fn""kk okys lhlfed ewoeSaV lekfgr gksaA bl flLVe esa fofHkUu ifj;kstukvksa",,,
,"dh fLFkfr;ksa rFkk fQfu""k Q~yksj VªhVesaUVksa dks lekfgr djus ds fy, cuk, x, ;qfuolZy ,Y;qfefu;e csl esEcj ds lkFk esaVy dh izksQkby gksxhA doj IysV dk fuekZ.k izkstsDV ewoesaV vkSj yksfMax dh vko"";drk ds vuq:Ik vko"";drkuqlkj pkSM+k vkSj eksVk fd;k tk,xk vkSj fofuekZrk ds bathfu;j iwoZ LksYQ lSUVfjax O;oLFkk dk mi;ksx djds csl eSEcj dks izkIr fd;k tk,xk tks lHkh fn""kkvksa esa LorU= :Ik ls ?kwerk vFkok xfr djrk gS A LksYQ lSUVfjax O;oLFkk ldqZyj fLQ;j Nksj dks iznf""kZr djsxh tks m/okZ/kj foLFkkiu lfgr lHkh fn""kkvksa esa ewoesaV vksSj Q~ysDtj dks LorU=rk iznku djus ds fy, rnu:ih ,Y;qfefu;e ,DLVz~wtu dsosVh dks cUndjrk gS vkSj vanj dh vksj f[kLkdkrk gS A fofuekZrk ds fMt+kbu ds vuqlkj vkSj izHkkjh bathfu;j }kjk ;Fkkvuqeksfnr okVj VkbV tksM+ j[kus ds fy, tksM+ iz.kkyh esa eksbLpj cSfj;j eSEcjsu dk izko/kku djuk vfuok;Z vko"";drk gS A ¼lkexzh iz.kkyh ,-,l-Vh-,e- 6063 dh iqf’V djsxh½",,,
,5-44-1 100 feeh- xSi dk Q~yksj TokbaV,ehVj,5800-15,
,5-44-2 150 feeh- xSi dk Q~yksj TokbaV,ehVj,7092-60,
,5-44-3 200 feeh- xSi dk Q~yksj TokbaV,ehVj,9074-10,
5-45,"izHkkjh bathfu;j dh Mªkbax vkSj funZs""kksa ds vuqlkj oky TokabV ¼vkarfjd@ckg~;½LFky ls lacaf/kr foLrkjd TokabV flLVe dh O;oLFkk djuk vkSj yxkuk @ TokabV ASTM ,-,l-Vh-,e ch 221&02 ds vuqlkj ,Y;qfefu;e csl eSEcLkZ] lsYQ vykbfuax @ ladsUnz.k izca/k rFkk lgk;d iysaVksa ls ;qDr gksaxs A lkexzh ,slh gksxh fd blesa TokabV flLVe ds la?kVdksa ds chp uhPks f[kldus dh fdlh izo""fRr ds fcuk dk;kZy; Hkouksa rFkk ifjljksa esa u;s rFkk fo","eku nksuksa fuekZ.k esa m?okZ?kj oky Vq oky @ oky Vq dkuZj foLrkj ds fy, foLrkj TokabV iz.kkyh dh mi;qDr O;oLFkk gksxhA TokabV flLVe] lapyu dks lqfo/kktud cukus ds fy, eYVh lsywyj dks can djrs gq, fefuey [qkys gq, ,Y;qfefu;e lrgksa ds esdSfudy LuSi dks iznf""kZr djrs gq, gYds ot+u okys ,Y;wfefu;e izksQkby dk iz;ksx djsxkA ¼lkexzh ,-,l-Vh-,e 6063 dh iqf’V djsxh½",,
,5-45-1 100 feeh- xSi dk oky TokabV,ehVj,4835-50,
,5-45-2 150 feeh- xSi dk oky TokabV,ehVj,5438-90,
,5-45-3 200 feeh- xSi dk oky TokabV,ehVj,6272-45,
5-46,"izHkkjh bathfu;j ds vuqeksfnr Mªkbax vkSj funZs""kkuqlkj fofHkUu Nr ds LFkyksa ds fy, vuqeksfnr fuekZ-k vkSj fuekZrkvksa dh foLrkjd TokabV iz.kkyh dh O;oLFkk djuk vkSj yxkuk A ;s TokabV ,-,l-Vh-,e ch 221&02 ds vuqlkj ,Y;qfefu;e csl eSEcLkZ] lsYQ ,ykbfuax @ lsYQ lsUVfjax O;oLFkk rFkk lgk;d IysV ls ;qDr gksaxsA ;g iz.kkyh ,slh gksxh fd blesa okVj VkbV :Q ls :Q] Nr ls dksus rd TokabV doj foLrkj fu;a=.k iz.kkyh gksxh tks vius la?kVdksa dks dksbZ ruko fn, fcuk cgqr lh fn""kkvksa okys lhTkfed lapyu dks lekfgr djus esa leFkZ gksxh A bl iz.kkyh esa esVy izksQkby gksrk gS tks fofHkUu ifj;kstuk dh fLFkfr;ksa rFkk :Q VªhVeSaV dks lekfo’V djus ds fy, cuk, x, ;qfuolZy ,Y;qfefu;e csl esEcj dks lfEefyr djrk gSA doj IysV dk fuekZ.k] lapyu rFkk yksfMax vko"";drk ds vuqdwy visf{kr pkSM+kbZ rFkk eksVkbZ esa fd;k tk,xk vkSj fofuekZrk dh izh&bathfu;j lsYQ LksUVfjax O;oLFkk dk mi;ksx djrs gq, csl esEclZ dks lsD;ksj djsxk tks lHkh fn”kkvksa esa Lora= :Ik ls ?kwerk @ xfr djrk gSA",,,
,"lsYQ LksfVªax O;OkLFkk ldZqyj fLQ;j Nksj dks iznf""kZr djsxk tks m/okZ/kj foLFkkiu lfgr lHkh fn”kkvksaesa lapyu vkSj Q~ysDlj dks LorU=rk iznku djus ds fy, rnuq:ih ,Y;qfefu;e ,DLkVªwtu dks cUn djrk gS vkSj vUnj dh vksj f[kldkrk gSA TokabV flLVe cQZ fxjus]UVds [kqyus] goktfur lanw'k.k vkSj j[kj[kko dkfeZd }kjk iSny pyus dh otg ls {kfr vFkok fo[kaMu dks jksdrh gS A okVj VkbV TokabV ds fy, TokabV iz.kkyh esa eksbLpj csfj;j eSEcjsu dh O;oLFkk vfuok;Z vko”;drk gSA ¼lkexzh ,-,l- Vh-,e ch 6063 dh iqf’V djsxh½",,,
,5-46-1 100 feeh- xSi dk :Q TokbaV,ehVj,5424-20,
,5-46-2 150 feeh- xSi dk :Q TokbaV,ehVj,6032-95,
,5-46-3 200 feeh- xSi dk :Q TokbaV,ehVj,7198-30,
5-47,"izHkkjh bathfu;j ds funZs”kkuqlkj iw.kZ fLFkfr esa f[kldus okys Mksj cksYV rFkk Vkoj cksYV vkfn ds fy, mi;qDr O;oLFkk djds m/ok?kj esEclZ ij gksYM QkLV fQDl djus ds fy, iw.kZ :Ik ls /kkxk ;qDr 6 feeh- O;kl ds cksYV dks yxkus ds fy, fo”ks’k :i ls cuk, x, ,e-,l- tLrhd`r LYkhOl dks 6 ux iznku djus lfgr fgUtksa dks yxkus ds fy, visf{kr vkdkj ds] 200 feeh- dsUnz ls dsUnz dh nj ls j[ks x, 3 feeh ,e-,l- LVjIl ds lkFk ca/ks gq, 6 feeh- O;kl ds eq[; cklZ] 3 ux vkSj 6 ux mPp “kfDr okys iksyhej Cykdksa dks yxkdj vkb-,e- 6523 ds vuqlkj mRre lqpk: lekiu okys dkj[kkuk fufeZr izhdkLV iz- lh- da- ,e- 40 dks 1%3%6 dØhV Cykd esa gksYM QkLV yxkdj njokts rFkk f[kM+dh ds Qzse dh O;oLFkk djuk vkSj LFkku ij yxkkukA Ýse dk ekiu n”keyo ds nks LFkkuksa rd jfuax ehVj esa fd;k tk,xk A",,,
,5-47-1 njokts dk Ýse 125 feeh- x 60 feeh-,ehVj,729-25,
,5-47-2 njokts dk Ýse 100 feeh- x 60 feeh-,ehVj,678-10,
,5-47-3 njokts dk Ýse 85 feeh- x 60 feeh-,ehVj,648-30,
5-48,"Mªkabx vkSj fofunZs”k ds vuqlkj lgh Lrj vkSj fLFkfr esa lHkh yhMksa] fyQ~Vksa rFkk xgjkbZ ds lkFk dk;Z dks iwjk djus ds fy, ,d @ nks pj-k esa fi;j ,o¡ fi;j dSi] vfuok;Z midj-k] l;a=] e”khujh yxkus rFkk visf{kr lHkh lacf/kr izpkyuksa ds fy, lkefxz;ksa ds ijh{k.k vkfn lfgr LVhy LksUVfjax rFkk “kVfjax vkfn dh ykxr lfgr lk/kkj.k iksVZySaM lhesaV ¼vkb-,l-:8112 dh “kfDr vko”;drk ds vuq:Ik dk iz;ksx djds fof”k’V xzsM okys lHkh LFkkuksa ij fi;jksa] vcVesUV] iksVZy Ýseksa] fi;j dSiksa rFkk fc;fjax isMsLVyksa rFkk fi;j @ vcVesUV dSi ij lhfLed vjsLVj dk fuekZ.k djus ds fy, O;oLFkk djuk vkSj izcfyr lhesaV daØhV fcNkuk fdUrq blesa izcyu dh ykxr “kkfey ugha gksxh A izcyu dh eki vkSj Hkqxrku vyx ls fd;k tk,xkA uksV %bl en esa lhesaV dh ek=k 480 fdxzk- @ ?kueh- gSA fMtkbu feJ.k ds vuqlkj vf/kd @de lhesaV [kir vyx ls ns; @ olwyh ;ksX; gSA",,,
,5-48-1 izcfyr lhesaV daØhV &M50,?kuehVj,7734-60,
,5-48-2 izcfyr lhesaV daØhV &M60,?kuehVj,8807-25,
,"5-48-3 M50/M-60 xzsM lsYQ dEiSDV okys izcfyr lhesaV dadzhV dk mi;ksx djus ds fy, vfrfjDrA",?kuehVj,676-50,
5-49,"Vªsafpax ds nkSjku csUVksukbV Lyjh dks QSsykus lfgr lHkh xgjkb;ksa ds fy, tc Hkh visf{kr gks VªsUPk esa csUVksukbV Lyjh rS;kj djuk] iznku djuk rFkk iqu% ldZqysV djuk lfgr lHkh ekxksZ rFkk fyQ~Vksa ds fy, feV~Vh @pV~Vku @Ly""k vkfn ds fuiVku lfgr izfrdwy fLFkfr;ksa esa ikuh vkSj @vFkok dhPkM+ esa vFkok mlds vUnj dke djuk rFkk ikuh dks iEi",,,
,incuding manufactured sand derived from Recycled Concrete Aggregate (RCA) upto 20%: 3 graded stone aggregate 20 mm nominal size Recycled Concrete Aggregate (RCA) upto 20%),cum,10536.00,
5.4,"Providing and laying up to floor five level reinforced cement concrete in kerbs, steps and the like excluding the cost of centering, shuttering, finishing and reinforcement with 1:1.5:3 (1 cement : 1.5 coarse sand (zone-III) derived from natural sources : 3 graded stone aggregate 20 mm nominal size derived from natural sources).",cum,9801.75,
5.4A,"Providing and laying up to floor five level reinforced cement concrete in kerbs, steps and the like excluding the cost of centering, shuttering, finishing and reinforcement with 1:1.5:3 (1 cement : 1.5 coarse sand incuding manufactured sand derived from Recycled Concrete Aggregate (RCA) upto 20% : 3 graded stone aggregate 20 mm nominal size Recycled Concrete Aggregate (RCA) upto 20%).",cum,9618.45,
5.5,"Reinforced cement concrete work in arches, archribs, domes, vaults, shells, folded plate and roofs having slope more than 15° up to floor five level, excluding the cost of centering, shuttering, finishing and reinforcement with 1:1.5:3 (1 cement : 1.5 coarse sand (zone-III) derived from natural sources : 3 graded stone aggregate 20 mm nominal size derived from natural sources).",cum,11291.20,
5.5A,"Reinforced cement concrete work in arches, archribs, domes, vaults, shells, folded plate and roofs having slope more than 15° up to floor five level excluding the cost of centering, shuttering, finishing and reinforcement with 1:1.5:3 (1 cement : 1.5 coarse sand incuding manufactured sand derived from Recycled Concrete Aggregate (RCA) upto 20% : 3 graded stone aggregate 20 mm nominal size Recycled Concrete Aggregate (RCA) upto 20%).",cum,11107.85,
5.6,"Reinforced cement concrete work in chimneys, shafts, up to floor five level, excluding the cost of centering, shuttering, finishing and reinforcement with 1:1.5:3 (1 cement : 1.5 coarse sand(zone-III) derived from natural sources : 3 graded stone aggregate 20 mm nominal size derived from natural sources).",cum,10409.40,
5.6A,"Reinforced cement concrete work in chimneys, shafts, up to floor five level excluding the cost of centering, shuttering, finishing and reinforcement with 1:1.5:3 (1 cement : 1.5 coarse sand incuding manufactured sand derived from Recycled Concrete Aggregate (RCA) upto 20% : 3 graded stone aggregate 20 mm nominal size (Recycled Concrete Aggregate (RCA) upto 20%).",cum,10226.05,
5.7,"Reinforced cement concrete work in well-steining, excluding the cost of centering, shuttering, finishing and reinforcement with 1:1.5:3 (1 cement : 1.5 coarse sand(zone-III) derived from natural sources : 3 graded stone aggregate 20 mm nominal size derived from natural sources).",cum,7852.70,
5.7A,"Reinforced cement concrete work in well-steining excluding the cost of centering, shuttering, finishing and reinforcement, with 1:1.5:3 (1 cement : 1.5 coarse sand incuding manufactured sand derived from Recycled Concrete Aggregate (RCA) upto 20% : 3 graded stone aggregate 20 mm nominal size Recycled Concrete Aggregate (RCA) upto 20%).",cum,7669.40,
5.13A,"Providing, hoisting and fixing up to floor five level precast reinforced cement concrete in small lintels not exceeding 1.5 m clear span up to floor five level, including the cost of required centering, shuttering but excluding the cost of reinforcement, with 1:1.5:3 (1 cement : 1.5 coarse sand incuding manufactured sand derived from Recycled Concrete Aggregate (RCA) upto 20% : 3 graded stone aggregate 20 mm nominal size Recycled Concrete Aggregate (RCA) upto 20%).",cum,13398.50,
5.14,"Providing, hoisting and fixing above plinth level up to floor five level precast reinforced cement concrete in mouldings as in cornices, windows sills etc, including setting in cement mortar 1:3 (1 cement : 3 coarse sand) cost of required centering, shuttering but, excluding the cost of reinforcement, with 1:1.5:3 (1 cement : 1.5 coarse sand (zone-III) derived from natural sources : 3 graded stone aggregate 20 mm nominal size derived from natural sources).",cum,15777.40,
5.14A,"Providing, hoisting and fixing above plinth level up to floor five level precast reinforced cement concrete in mouldings as in cornices, windows sills etc. including setting in cement mortar 1:3 (1 cement : 3 coarse sand) cost of required centering, shuttering but excluding the cost of reinforcement, with 1:1.5:3 (1 cement : 1.5 coarse sand incuding manufactured sand derived from Recycled Concrete Aggregate (RCA) upto 20% : 3 graded stone aggregate 20 mm nominal size Recycled Concrete Aggregate (RCA) upto 20%).",cum,15594.10,
5.15,"Providing, hoisting and fixing above plinth level up to floor five level precast reinforced cement concrete in lintels, beams and bressumers, including setting in cement mortar 1:3 (1 cement : 3 coarse sand), cost of required centering and shuttering but , excluding the cost of reinforcement, with 1:1.5:3 (1 cement : 1.5 coarse sand (zone-III) derived from natural sources : 3 graded stone aggregate 20 mm nominal size derived from natural sources)",cum,12321.25,
5.15A,"Providing, hoisting and fixing above plinth level up to floor five level precast reinforced cement concrete in lintels, beams and bressumers including setting in cement mortar 1:3 (1 cement : 3 coarse sand), cost of required centering and shuttering but excluding the cost of reinforcement with, 1:1.5:3 (1 cement : 1.5 coarse sand incuding manufactured sand derived from Recycled Concrete Aggregate (RCA) upto 20% : 3 graded stone aggregate 20 mm nominal size Recycled Concrete Aggregate (RCA) upto 20%).",cum,12137.95,
5.16,"Providing, hoisting and fixing above plinth level up to floor five level precast reinforced cement concrete in shelves, including setting in cement mortar 1:3 (1cement : 3 coarse sand), cost of required centering, shuttering and finishing with neat cement punning on exposed surfaces but , excluding the cost of reinforcement, with 1:1.5:3 (1 cement : 1.5 coarse sand(zone-III) derived from natural sources : 3 graded stone aggregate 20 mm nominal size derived from natural sources).",cum,18644.60,
5.16A,"Providing, hoisting and fixing above plinth level up to floor five level precast reinforced cement concrete in shelves including setting in cement mortar 1:3 (1 cement : 3 coarse sand), cost of required centering, shuttering and finishing with neat cement punning on exposed surfaces but excluding the cost of reinforcement, with 1:1.5:3 (1 cement : 1.5 coarse sand incuding manufactured sand derived from Recycled Concrete Aggregate (RCA) upto 20% : 3 graded stone aggregate 20 mm nominal size Recycled Concrete Aggregate (RCA) upto 20%).",cum,18461.30,
5.17,"Providing, hoisting and fixing above plinth level up to floor five level precast reinforced cement concrete in vertical & horizontal fins, individually or forming box louvers, setting in cement mortar 1:2 (1 cement : 2 coarse sand), including the cost of required centering, shuttering but , excluding the cost of reinforcement, with 1:1.5:3 (1 cement : 1.5 coarse sand(zone- III) derived from natural sources : 3 graded stone aggregate 20 mm nominal size derived from natural sources).",cum,10817.10,
5.17A,"Providing, hoisting and fixing above plinth level up to floor five level precast reinforced cement concrete in vertical & horizontal fins individually or forming box louvers setting in cement mortar 1:2 (1 cement : 2 coarse sand), including the cost of required centering, shuttering but excluding the cost of reinforcement, with 1:1.5:3 (1 cement : 1.5 coarse sand incuding manufactured sand derived from Recycled Concrete Aggregate (RCA) upto 20% : 3 graded stone aggregate 20 mm nominal size Recycled Concrete Aggregate (RCA) upto 20%).",cum,10633.80,
5.18,"Providing precast cement concrete Jali 1:2:4 (1 cement : 2 coarse sand(zone-III) : 4 graded stone aggregate 6mm nominal size ), reinforced with 1.6 mm dia mild steel wire, including centering and shuttering, roughening cleaning, fixing and finishing in cement mortar 1:3 (1 cement: 3 fine sand) etc. complete, excluding plastering of the jambs, sills and soffits.",,,
,5.18.1 50 mm thick,sqm,1580.90,
,5.18.2 40 mm thick,sqm,1430.30,
,5.18.3 25 mm thick,sqm,1291.45,
,ENCASING ROLLED STEEL SECTION,,,
5.19,"Encasing rolled steel sections, in beams and columns, with cement concrete 1:1.5:3 (1 cement : 1.5 coarse sand (zone-III) derived from natural sources : 3 graded stone aggregate 20 mm nominal size derived from natural sources) including centering and shuttering complete but , excluding cost of reinforcement.",cum,14191.95,
5.19A,"Encasing rolled steel sections, in beams and columns, with cement concrete 1:1.5:3 (1 cement : 1.5 coarse sand incuding manufactured sand derived from Recycled Concrete Aggregate (RCA) upto 20%: 3 graded stone aggregate 20 mm nominal size Recycled Concrete Aggregate (RCA) upto 20%) including centering and shuttering complete but excluding cost of reinforcement.",cum,14008.65,
5.33A,"Providing and laying in position ready mixed or site batched design mix cement concrete for reinforced cement concrete work; using coarse aggregate and fine aggregate derived from natural sources and using recycled concrete aggregate (RCA) as coarse aggregate and fine aggregate within permissible utilization of 20% each, Portland Pozzolana /Ordinary Portland/Portland Slag cement, admixtures in recommended proportions as per IS: 9103 to accelerate / retard setting of concrete, to improve durability and workability without impairing strength; including pumping of concrete to site of laying, curing, carriage for all leads; but excluding the cost of centering, shuttering, finishing and reinforcement as per direction of the engineer-in-charge; for the following grades of concrete.",,,
,"Note: Extra cement up to 10% of the minimum specified cement content in design mix shall be payable separately. In case the cement content in design mix is more than 1.10 times of the specified minimum cement content, the contractor shall have discretion to either re-design the mix or bear the cost of extra cement. 5.33A.1 All works upto plinth level",,,
,5.33A.1.1 Concrete of M25 grade with minimum cement content of 330 kg /cum 5.33A.2 All works above plinth level up to floor V level,cum,8500.45,
,5.33A.2.1 Concrete of M25 grade with minimum cement content of 330 kg /cum,cum,10122.85,
5.34,DELETED,,,
,5.34.1 DELETED,,,
,5.34.2 DELETED,,,
,5.34.3 DELETED,,,
5.35,Add for using extra cement in the items of design mix over and above the specified cement content therein.,quintal,688.45,
5.36,"Providing and placing in position precast reinforced cement concrete waffle units, square or rectangular, as per design and shape for floors and roofs in 1:1.50:3 (1 Cement : 1.50 coarse sand (zone-III) derived from natural sources : 3 graded stone aggregate 10 mm nominal size derived from natural sources), including flush or deep ruled pointing at joints in Cement mortar 1:2 (1 Cement : 2 Fine sand), making necessary holes of required sizes for carrying through service lines etc., providing steel hooks for lifting etc, form work in precasting, handling, hoisting, centering and erection complete for all floor levels but, excluding the cost of reinforcement.",cum,27983.75,
5.36A,"Providing and placing in position precast reinforced cement concrete waffle units, square or rectangular as per design and shape for floors and roofs in 1:1.5:3 (1 cement : 1.5 coarse sand incuding manufactured sand derived from Recycled Concrete Aggregate (RCA) upto 20% : 3 graded stone aggregate 10 mm nominal size Recycled Concrete",,,
5-8,lsaVfjax] jsr ¼va oxhZ—r Å/kZ~ok/k esa çcfy,"'kVfjax] ifj""dj.k vkSj 1%1-5%3 ¼1 lhesaV% 1½çk—frd lzksr ls O;qRiUu eksVh py&III½% 3 çk—frd lzksrksa ls O;qRiUu 20 feeh U;wure vkdkj dh iRFkj dh jksM+h½ lfgr çcyu dk;Z ds vykok ik¡pos ry Lrj rd j vkSj {kSfrt fQu vyx ls ;k c‚Dl ywoj cukrs gq,] Qsfl;k vkSj bZo cksMZ r lhesaV daØhV dk;ZA",?ku eh,9297-70
5-8d,lsaVfjax] jksM+h ¼ iRFkj rd½ l vyx dk;ZA,"'kVfjax] ifj""dj.k vkSj 1%1-5% 3¼1 lhesaV% 1-5 20% rd iquuZohuh—r daØhV vkjlh,½ ls O;qRiUu fofufeZr jsr lfgr eksVh jsr ¼vapy&III½ % 3 oxhZ—r dh jksM+h 20 feeh U;wure vkdkj iquuZohuh—r daØhV jksM+h ¼vkjlh,½ 20% fgr çcyu dk;Z ds vykok ik¡pos ry Lrj rd Å/kZ~ok/kj vkSj {kSfrt fQu ls ;k c‚Dl ywoj cukrs gq,] Qsfl;k vkSj bZo cksMZ esa çcfyr lhesaV daØhV",?ku eh,9114-35
,QkWe o,dZ,,
5-9,<wyk v,kSj r[rkcanh] Fkkeksa] Vsdksa bR;kfn rFkk <wyk [kksyus lfgr %,,
,5-9-1,"uhoksa] [kldksa] LrEHkksa ds vk/kkjksa vkfn vkSj ?ku dadzhV ds fy,",oxZ eh,307-95
,5-9-2,"lkFk yxs fHkfRr LraHkkas lfgr ¼fdlh Hkh eksVkbZ dh½ nhokjksa] iq’rksa] dqlhZ rFkk fdaxjh jn~nksa vkfn ds fy,",oxZ eh,669-55
,5-9-3,"fuyfEcr Q”kksZa] Nrksa] lkSiku&pkSfd;ksa vkSj ckydfu;ksa ,oe~ vfHkxe IysVQkWeZ ds fy,",oxZ eh,766-55
,5-9-4,"rkd ifV~V;ksa ¼LoLFkkus fojfpr½ ds fy,",oxZ eh,766-55
,5-9-5,"ljnyksa] /kjuksa] dqlhZ /kjuksa] xMZjksa] ikV dfM+;ksa vkSj VksMk /kjuksa ds fy,",oxZ eh,608-35
,5-9-6,"LrEHkksa] [kEcksa] ik;ksa] vaR;k/kkjksa] Fkwuksa vkSj Fkkeksa ds fy,",oxZ eh,804-25
,5-9-7,"lfiZy lksikuksa ds vfrfjDr lksikuksa ds fy, ¼pkSfd;ksa dks NksM+dj½",oxZ eh,657-75
,5-9-8,"lfiZy lksikuksa fy, ¼pkSfd;ksa lfgr½",oxZ eh,652-80
,5-9-9,"6 ehVj rd ikVokyh MkVksa] xqEcnksa vkSj egjkch Nrksa ds fy,",oxZ eh,1826-25
,5-9-10,"vfrfjDr Hkqxrku 6 ehVj ls vf/kd ikVokyh MkVksa xqEcnksa vkSj egjkch Nrksa ds fy,",oxZ eh,575-25
,5-9-11,"fpefu;ksa vkSj dwidksa ds fy,",oxZ eh,669-55
,5-9-12,"dwvksa vkSj eaMksa ds fy,",oxZ eh,246-40
,5-9-13,"[kM+h vkSj iM+h vyx vyx ;k ?ksjnkj fQuksa] f>yfeyksa] ifV~V;ksa] lEeq[kksa vkSj vkWyrh Qydksa ds fy,",oxZ eh,1100-40
,5-9-14,"vfrfjDr Hkqxrku] o`Ÿkkdkj dke ds <wys ds fy, ¼lacf/kr <wyk vkSj u[rkcanh enksa dk 20 izfr”kr½",oxZ eh,20%
,5-9-15,"1-5 ehVj ls vuf/kd ljnyksa] x<rksa tSls dkfuZlksa] f[kM+dh dh nsgyksa] fdaxjh jn~nksa] ifV~V;ksa] “kh’kZdkvksa] vk/kkj iV~Vksa] yaxj CykWdksa vkSj ,slh gh vU; txgksa esa O;oLFkk djuk-",oxZ eh,307-95
,5-9-16,"LySc ds fdukjksa ,oe~ Q”kksZa vkSj nhokjksa dh fjfDr esa",,
,,5-9-16-1 20 ls eh ls de pkSM+s,ehVj,181-90
,,5-9-16-2 20 ls eh ls vf/kd pkSM+s,oxZ eh,772-10
5.9.17,Cornices and mouldings,sqm,769.30,
5.9.18,"Small surfaces such as cantilever ends, brackets and ends of steps, caps and bases to pilasters and columns and the like",sqm,827.15,
5.9.19,"Weather shade, Chajjas, corbels etc., including edges",sqm,814.95,
5.9.20,"Suspended floors, roofs, landings, balconies and access platform with water proof ply 12 mm thick",sqm,853.75,
5.9.21,"Lintels, beams, plinth beams, girders, bressumers and cantilevers with water proof ply 12 mm thick",sqm,699.45,
5.10,"Providin comple g and fixing tie bolt, spring coil and plastic cone in wall shuttering te as per the direction of Engineer-in-charge.",,,
5.10.1,12 mm dia. & 100 mm length,each set,135.75,
5.10.2,12 mm dia. & 150 mm length,each set,149.10,
5.10.3,20 mm dia. & 150 mm length,each set,161.15,
5.10.4,20 mm dia.& 225 mm length,each set,174.55,
5.11,"Extra fo with ad and dec height o r additional height in centering, shuttering where ever required equate bracing, propping etc., including cost of de-shuttering entering at all levels, over a height of 3.5 m, for every additional f 1 metre or part thereof (Plan area to be measured).",,,
5.11.1,"PRE-CA Suspended floors, roofs, landing, beams and balconies (Plan area to be measured) ST RCC",sqm,319.25,
5.12,"Providin reinforc bed plat cost of reinforc from na derived g, hoisting and fixing above plinth level up to floor five level precast ed cement concrete work in string courses, bands, copings, es, anchor blocks, plain window sills and the like, including the required centering, shuttering but , excluding cost of ement with 1:1.5:3 (1 cement : 1.5 coarse sand (zone-III) derived tural sources : 3 graded stone aggregate 20 mm nominal size from natural sources).",cum,9673.50,
,"5.12A Providin reinforc bed plat cost of r with 1:1 derived stone a (RCA) u g, hoisting and fixing above plinth level up to floor five level precast ed cement concrete work in string courses, bands, copings, es, anchor blocks, plain window sills and the like, including the equired centering, shuttering but excluding cost of reinforcement, .5:3 (1 cement : 1.5 coarse sand incuding manufactured sand from Recycled Concrete Aggregate (RCA) upto 20% : 3 graded ggregate 20 mm nominal size Recycled Concrete Aggregate pto 20%).",cum,9491.50,
5.13,"Providin concret level, in the cos (zone-II mm no g, hoisting and fixing up to floor five level precast reinforced cement e in small lintels not exceeding 1.5m clear span up to floor five cluding the cost of required centering, shuttering but , excluding t of reinforcement with 1:1.5:3 (1 cement : 1.5 coarse sand I) derived from natural sources : 3 graded stone aggregate 20 minal size derived from natural sources).",cum,13581.85,
No.,,,,
5.20,"Encasing rolled steel section in grillages with cement concrete 1:1.5:3 (1 cement : 1.5 coarse sand (zone-III) derived from natural sources : 3 graded stone aggregate 20 mm nominal size derived from natural sources) including centering and shuttering but, excluding cost of expanded metal and hangers.",cum,8874.65,
5.20A,"Encasing rolled steel section in grillages with cement concrete 1:1.5:3 (1 cement : 1.5 coarse sand incuding manufactured sand derived from Recycled Concrete Aggregate (RCA) upto 20% : 3 graded stone aggregate 20 mm nominal size Recycled Concrete Aggregate (RCA) upto 20%), including centering and shuttering but excluding cost of expanded metal and hangers.",cum,8691.35,
5.21,"Extra for providing and fixing expanded metal mesh of size 20x60 mm and strands 3.25 mm wide 1.6 mm thick weighing 3.64 kg per sqm for encasing of rolled steel sections in beams, columns and grillages, excluding cost of hangers.",sqm,448.80,
,STEEL REINFORCEMENT,,,
5.22,"Steel reinforcement for R.C.C. work including straightening, cutting, bending, placing in position and binding all complete upto plinth level.",,,
,5.22.1 Mild steel and Medium Tensile steel bars,kg,88.95,
,5.22.2 Hard drawn steel wire,kg,87.50,
,5.22.3 Cold twisted bars,kg,89.65,
,5.22.4 Hot rolled deformed bars,kg,89.65,
,5.22.5 Hard drawn steel wire fabric,kg,94.10,
,5.22.6 Thermo-Mechanically Treated bars of grade Fe-500D or more.,kg,89.65,
5.22A,"Steel reinforcement for R.C.C. work including straightening, cutting, bending, placing in position and binding all complete above plinth level.",,,
,5.22A.1 Mild steel and Medium Tensile steel bars,kg,88.95,
,5.22A.2 Hard drawn steel wire,kg,87.50,
,5.22A.3 Cold twisted bars,kg,89.65,
,5.22A.4 Hot rolled deformed bars,kg,89.65,
,5.22A.5 Hard drawn steel wire fabric,kg,94.10,
,5.22A.6 Thermo-Mechanically Treated bars of grade Fe-500D or more.,kg,89.65,
5.22B,"Steel reinforcement for R.C.C. work ready to use ""cut and bend"" rebars of approved make from factory/workshop to construction site including placing in position and binding all complete upto plinth level.",,,
,5.22B.1 Thermo-Mechanically Treated bars of grade Fe-500D or more.,kg,83.15,
5.22C,"Steel reinforcement for R.C.C. work ready to use ""cut and bend"" rebars of approved make from factory/workshop to construction site including placing in position and binding all complete above plinth level.",,,
,5.22C.1 Thermo-Mechanically Treated bars of grade Fe-500D or more.,kg,83.15,
No.,,,,
,MISCELLANEOUS,,,
5.23,Smooth finishing of the exposed surface of R.C.C. work with 6 mm thick cement mortar 1:3 (1 Cement : 3 fine sand).,sqm,253.05,
5.24,"Extra for rendering smooth the top of suspended floors, landings and staircases (treads and risers) with cement mortar 1:2 (1 cement : 2 coarse sand), including a floating coat of neat cement and protecting the surface with a layer of 7.5 cm of earth laid over 15 mm of fine sand in case of suspended floor and bricks laid in mud mortar in case of landings and steps, including subsequent removal and cleaning of the same.",sqm,133.90,
5.25,Providing and fixing in position copper plate as per design for expansion joints.,kg,729.40,
5.26,"Providing and filling in position, blown bitumen in expansion joints.",cum,63877.35,
5.27,"Providing and filling in position bitumen mix filler of proportion 80 kg. of hot bitumen, 1 kg. of cement and 0.25 cubic metre of coarse sand for expansion joints.",cum,22400.50,
5.28,"Providing and fixing in position 12mm thick bitumen impregnated fiber board conforming to IS: 1838, including cost of primer, sealing compound Grade-A in expansion joints.",per cm depth per 100m,567.25,
5.29,Providing and fixing sheet covering over expansion joints with iron screws as per design.,,,
,5.29.1 Non-asbestos fibre cement board 6 mm thick as per IS: 14862.,,,
,5.29.1.1 150mm wide,metre,203.65,
,5.29.1.2 200mm wide,metre,273.95,
,5.29.2 Aluminium fluted strips 3.15 mm thick.,,,
,5.29.2.1 150 mm wide,metre,515.80,
,5.29.2.2 200 mm wide,metre,685.10,
,5.29.3 Cement bonded wood particle board 6mm thick as per IS : 14276,,,
,5.29.3.1 150 mm wide,metre,200.50,
,5.29.3.2 200 mm wide,metre,269.75,
5.30,Add for plaster drip course/ groove in plastered surface or moulding to R.C.C. projections.,metre,64.70,
5.31,"Extra for laying reinforced cement concrete in or under water and/ or liquid mud, including cost of pumping or bailing out water and removing slush etc., complete.",cum,905.50,
,Note For Item No. 5.31:-The quantity will be calculated by multiplying the depth measured from the subsoil water level up to the centre of gravity of the R.C.C. under subsoil water with the quantity of R.C.C. in cubic metre executed under subsoil water. The depth of centre of gravity shall be reckoned correct to 0.1 m. 0.05 m or more shall be taken as,,,
No.,,,,
,"Aggregate (RCA) upto 20%), including flush or deep ruled pointing at joints in cement mortar 1:2 (1 cement : 2 Fine sand), making necessary holes of required sizes for carrying through service lines etc., providing steel hooks for lifting etc, form work in precasting, handling, hoisting, centering and erection complete for all floor levels but excluding the cost of reinforcement.",cum,27800.40,
5.37,DELETED,,,
,5.37.1 DELETED,,,
,5.37.2 DELETED,,,
5.38,Extra for R.C.C./ B.M.C/ R.M.C. work above floor V level for each four floors or part thereof.,cum,280.95,
5.40,DELETED,,,
,5.40.1 DELETED,,,
,5.40.2 DELETED,,,
5.41,"Supplying and applying pre tested and approved water based concrete curing compound to concrete/ masonry surface, all as per manufacturer’s specification and direction of Engineer-in-charge.",,,
,5.41.1 Non pigmented wet curing compound,sqm,57.50,
5.42,"Providing and fixing parallel threaded couplers conforming to IS code on “Reinforcement Couplers for Mechanical Splices of Bars for Concrete Reinforcement - Specification”, to reinforcement bars including threading, enlargement at connection by forging, protecting the prepared reinforcement bars and related operations as required to complete the works per direction of Engineer- in-Charge.",,,
,5.42.1 Coupler for 16 mm diameter reinforcement bar,each,102.55,
,5.42.2 Coupler for 20 mm diameter reinforcement bar,each,143.00,
,5.42.3 Coupler for 25 mm diameter reinforcement bar,each,204.95,
,5.42.4 Coupler for 28 mm diameter reinforcement bar,each,239.85,
,5.42.5 Coupler for 32 mm diameter reinforcement bar,each,288.80,
5.43,Providing and fixing in position Stainless steel Grade 304 plate-1.0 mm thick as per design for expansion joints.,,,
,5.43.1 200 mm wide.,metre,747.25,
,5.43.2 300 mm wide.,metre,1053.40,
5.44,"Providing and fixing of expansion joint system related with floor location as per drawings and direction of Engineer-In-Charge. The joints system will be of extruded aluminum base members, self aligning / self centering arrangement and support plates etc. as per ASTM B221-02. The system shall be such that it provides floor to floor /floor to wall expansion control system for various vertical localtion in load application areas that accommodates multi directional seismic movement without stress to it's components. System shall consist of metal profiles with a universal",,,
No.,,,,
,aluminum base member designed to accommodate various project conditions and finish floor treatments. The cover plate shall be designed of width and thickness required to satisfy projects movement and loading requirements and secured to base members by utilizing manufacturer’s pre-engineered self- centering arrangement that freely rotates / moves in all directions. The Self - centering arrangement shall exhibit circular sphere ends that lock and slide inside the corresponding aluminum extrusion cavity to allow freedom of movement and flexure in all directions including vertical displacement. Provision of Moisture Barrier Membrane in the Joint System to have watertight joint is mandatory requirement all as per the manufactures design and as approved by Engineer -in- Charge. (Material shall confirm to ASTM 6063).,,,
,5.44.1 Floor Joint of 100 mm gap,metre,5800.15,
,5.44.2 Floor Joint of 150 mm gap,metre,7092.60,
,5.44.3 Floor Joint of 200 mm gap,metre,9074.10,
5.45,"Providing and fixing of expansion joint system related with wall joint (internal/external) location as per drawings and direction of Engineer-In- Charge. The joints shall be of extruded aluminum base members, self aligning / centering arrangement and support plates as per ASTM B221- 02. The material shall be such that it provides an Expansion Joints System suitable for vertical wall to wall/ wall to corner application, both new and existing construction in office Buildings & complexes with no slipping down tendency amongst the components of the Joint System. The Joint System shall utilize light weight aluminum profiles exhibiting minimal exposed aluminum surfaces mechanically snap locking the multicellular to facilitate movement. (Material shall confirm to ASTM 6063).",,,
,5.45.1 Wall Joint of 100 mm gap,metre,4835.50,
,5.45.2 Wall Joint of 150 mm gap,metre,5438.90,
,5.45.3 Wall Joint of 200 mm gap,metre,6272.45,
5.46,"Providing and fixing of expansion joint system of approved make and manufactures for various roof locations as per approved drawings and direction of Engineer-In-Charge. The joints shall be of extruded aluminum base members with, self aligning and self centering arragement support plates asper ASTM B221-02. The system shall be such that it provides watertight roof to roof/roof to corner joint cover expansion control system that is capable of accommodating multidirectional seismic movement without stress to its components. System shall consist of metal profile that incorporates a universal aluminum base member designed to accommodate various project conditions and roof treatments. The cover plate shall be designed of width and thickness required to satisfy movement and loading requirements and secured to base members by utilizing manufacturer’s pre-engineered self-centering arrangement that freely rotates / moves in all directions. The Self centering arrangement shall exhibit circular sphere ends that lock and slide inside the corresponding aluminum extrusion cavity to allow freedom of movement",,,
No.,,,,
,"and flexure in all directions including vertical displacement. The Joint System shall resists damage or deterioration from the impact of falling ice, exposure to UV, airborne contaminants and occasional foot traffic from maintenance personnel. Provision of Moisture Barrier Membrane in the Joint System to have water tight joint is mandatory requirement. (Material shall confirm to ASTM 6063).",,,
,5.46.1 Roof Joint of 100 mm gap,metre,5424.20,
,5.46.2 Roof Joint of 150 mm gap,metre,6032.95,
,5.46.3 Roof Joint of 200 mm gap,metre,7198.30,
5.47,"Providing and fixing in position factory made precast RCC M-40 fixing with hold fast embedded in 1:3:6 concrete block for doors and windows frames having excellent smooth finish as per IS: 6523 with reinforcement of 3 Nos, 6 mm dia main bars tied with 3 mm M.S stirrups placed @ 200 mm C/C and 6 numbers high strength polymer blocks of required size for fixing hinges including providing 6 no specially designed M.S. galvanised sleeves for accomodating 6 mm dia fully threaded bolts for fixing hold fast on vertical members, providing suitable arrangement for recieving sliding door bolts and tower bolt etc. all complete, as per the direction of Engineer-in-charge. The frame shall be measured in running metre correct to two places of decimal.",,,
,5.47.1 Door frame 125 mm x 60 mm,metre,729.25,
,5.47.2 Door frame 100 mm x 60 mm,metre,678.10,
,5.47.3 Door frame 85 mm x 60 mm,metre,648.30,
5.48,"Providing and laying Reinforced cement concrete for construction of piers, abutments, portal frames, pier caps and bearing pedestals and seismic arresters over pier/ abutment caps at all locations with specified grade using Ordinary Portland Cement (conforming to strength requirement of IS:8112) including the cost of steel centering and shuttering etc. complete, including testing of materials etc. for casting pier & pier cap in one/two stage, necessary tools, plants, machinery and all related operations as required to complete the work as per drawings and Specifications with all leads, lifts and depths true to level and position but excluding the cost of providing reinforcement. Reinforcement shall be measured and paid separately.",,,
,Note:-Cement content considered in this item is 480 Kg./ Cum. Excess/ less cement used as per design mix is payable/ recoverable separately.,,,
,5.48.1 Reinforced Cement Concrete -M-50,cum,7734.60,
,5.48.2 Reinforced Cement Concrete -M-60,cum,8807.25,
,5.48.3 Extra for using M-50/ M-60 Grade Self-compacting Cement Concrete,cum,676.50,
5.49,"Constructing cast-in situ RCC diaphragm wall by providing and laying machine batched, machine mixed, self compacting, ready mix reinforced cement concrete, tramie controlled, of M 30 grade using minimum 400 kg. cement per cum of concrete including providing and mixing required",,,
No.,,,,
,"admixtures in recommended proportions as per IS : 9103, as approved by the Engineer-in-charge, for achieving 150- 200mm slump, for diaphragm wall having thickness as per approved structural design not exceeding 600 mm, in pannels of required depth and lengths as per approved drawing, including constructing necessary guide walls as required and as specified including boring in all kinds of soils and rocks, including working in or under water and / or liquid mud, in foul conditions and pumping or bailing out of water and removing slush, including disposal of earth/ rock / slush etc. for all leads and all lifts, including preparing, providing and re-circulating bentonite slurry in the trench as and when required for all depths, including agitating bentonite slurry during trenching etc., providing and fixing stop ends or form tubes, upto the required depth of diaphragm wall including extracting the same after casting, including chipping off the bentonite adulterated concrete or unsound concrete up to the cut off level for obtaining the sound concrete, dressing undulations on the exposed face of diaphragm wall after excavation by chipping / chiseling etc. including filling the depression/ cavities with sound concrete etc. complete and as directed by the Engineer-in-charge, including providing recess for bearing plates and fixing insert boxes for inclined rock anchors etc. complete as per the specifications and approved design and as directed by the Engineer-in-charge, but excluding the cost of reinforcement and inserts.",cum,18094.40,
